Date,Equity,DrawdownPct,DrawdownDuration
2019-02-07,100000.0,0.0,
2019-02-08,100000.0,0.0,
2019-02-09,99791.41160546875,0.0020858839453125055,
2019-02-10,100303.99632226562,0.0,2 days
2019-02-11,99176.5419765625,0.01124037313608861,
2019-02-12,99314.18528710937,0.00986811165505408,
2019-02-13,98734.81907617187,0.015644214623833697,
2019-02-14,98324.69725,0.019733003118902248,
2019-02-15,98430.80540429687,0.018675137448665557,
2019-02-16,98673.17918359375,0.016258745398660346,
2019-02-17,99862.49095117187,0.004401672787545219,
2019-02-18,106393.20164453125,0.0,8 days
2019-02-19,107240.46507226562,0.0,
2019-02-20,108664.06907617187,0.0,
2019-02-21,107430.1044765625,0.011355773901163047,
2019-02-22,108818.13255273437,0.0,2 days
2019-02-23,112517.13914453125,0.0,
2019-02-24,103550.45628320312,0.07969170678797821,
2019-02-25,105501.7138515625,0.06234983706755337,
2019-02-26,104736.57762109375,0.0691500120123314,
2019-02-27,104647.19285546875,0.0699444222355613,
2019-02-28,104748.11985742187,0.06904742998424318,
2019-03-01,104877.67503320312,0.06789600383915761,
2019-03-02,105008.1201015625,0.06673666874273454,
2019-03-03,104542.660140625,0.0708734603860024,
2019-03-04,102230.95652734375,0.09141880690704929,
2019-03-05,105871.039046875,0.05906744650803075,
2019-03-06,106075.36497460937,0.05725149269612384,
2019-03-07,106278.992171875,0.05544174887563735,
2019-03-08,105999.46702539062,0.05792603836797261,
2019-03-09,107678.38450585937,0.04300460068093592,
2019-03-10,107362.11009179687,0.04581550057109618,
2019-03-11,106110.05100976562,0.056943219348436824,
2019-03-12,106216.132796875,0.056000413764186074,
2019-03-13,106150.28074609375,0.05658567616315857,
2019-03-14,106626.88084375,0.05234987616611064,
2019-03-15,107613.5146328125,0.04358113394102492,
2019-03-16,109984.51145898437,0.02250881692160378,
2019-03-17,109350.09715234375,0.028147196207320424,
2019-03-18,109546.61180078125,0.026400665412709023,
2019-03-19,110591.04905664062,0.01711819285963634,
2019-03-20,111030.77464257812,0.013210116372083136,
2019-03-21,109460.74046289062,0.02716384992436216,
2019-03-22,109316.05711328125,0.028449728242184724,
2019-03-23,109636.22727929687,0.025604204720613866,
2019-03-24,109267.45579492187,0.02888167415485987,
2019-03-25,107671.81907617187,0.043062951166359054,
2019-03-26,108266.09593164062,0.03778129487837445,
2019-03-27,111019.70042382812,0.01330853887761596,
2019-03-28,110534.80784570312,0.01761803858416422,
2019-03-29,111325.02586328125,0.010594948381319025,
2019-03-30,111548.738265625,0.008606696599904762,
2019-03-31,111514.8300625,0.008908056938274567,
2019-04-01,112939.85789453125,0.0,37 days
2019-04-02,132425.6181484375,0.0,
2019-04-03,134940.50730859375,0.0,
2019-04-04,133584.48240625,0.0100490573912152,
2019-04-05,136659.30516015625,0.0,2 days
2019-04-06,137283.9833828125,0.0,
2019-04-07,141039.13230859375,0.0,
2019-04-08,143492.73094140625,0.0,
2019-04-09,141202.79344140625,0.015958561001498173,
2019-04-10,144431.8115078125,0.0,2 days
2019-04-11,137410.08445703125,0.048616208420272033,
2019-04-12,138086.468734375,0.04393313846301983,
2019-04-13,138276.74754296875,0.04261570841345308,
2019-04-14,140197.41258203125,0.02931763357099626,
2019-04-15,137480.8408046875,0.04812631393707201,
2019-04-16,142029.0224453125,0.016636148487066738,
2019-04-17,142471.23973046875,0.013574376426329748,
2019-04-18,143725.3290859375,0.004891459952621191,
2019-04-19,143871.851546875,0.003876984959834906,
2019-04-20,144791.84226953125,0.0,10 days
2019-04-21,144161.257796875,0.004355110500510184,
2019-04-22,146451.775375,0.0,2 days
2019-04-23,151122.6962734375,0.0,
2019-04-24,148220.31492578125,0.01920546297297898,
2019-04-25,141352.835921875,0.06464853124301839,
2019-04-26,143211.31394921875,0.05235072242162819,
2019-04-27,142912.77146875,0.054326219734940895,
2019-04-28,143367.67137109375,0.051316083510791866,
2019-04-29,142347.4326015625,0.05806714602284002,
2019-04-30,145138.531234375,0.03959805632527169,
2019-05-01,146541.74021875,0.03031282638313204,
2019-05-02,149311.57371484375,0.011984451066944679,
2019-05-03,156412.73191796875,0.0,10 days
2019-05-04,158110.43601953125,0.0,
2019-05-05,157153.04344140625,0.0060552143313723494,
2019-05-06,155832.70652734375,0.014405940237279036,
2019-05-07,158065.45359765625,0.00028450001788271617,
2019-05-08,162195.26707421875,0.0,4 days
2019-05-09,167381.19187890625,0.0,
2019-05-10,172897.84031640625,0.0,
2019-05-11,195197.744125,0.0,
2019-05-12,188922.94676171875,0.03214584979661972,
2019-05-13,211671.6201015625,0.0,2 days
2019-05-14,216518.14646875,0.0,
2019-05-15,222208.449203125,0.0,
2019-05-16,213561.4618984375,0.038913854696781214,
2019-05-17,198954.0927578125,0.10465109013048934,
2019-05-18,196991.5302578125,0.11348316878023501,
2019-05-19,222006.52928125,0.0009086959681287032,
2019-05-20,216083.25926171875,0.02756506317996532,
2019-05-21,215678.76023828125,0.02938542160867541,
2019-05-22,208030.707015625,0.063803794312699,
2019-05-23,213478.7743984375,0.039285971510055084,
2019-05-24,216327.94676171875,0.02646390118150177,
2019-05-25,218087.6005703125,0.018544968238563886,
2019-05-26,234845.7411953125,0.0,11 days
2019-05-27,238424.9286953125,0.0,
2019-05-28,236107.8857265625,0.00971812377769854,
2019-05-29,234475.0712734375,0.01656646158390007,
2019-05-30,225294.675765625,0.05507080573133727,
2019-05-31,232180.46678125,0.026190474075982295,
2019-06-01,231897.3622890625,0.02737786875713699,
2019-06-02,236728.7802578125,0.00711397271577896,
2019-06-03,222311.7822109375,0.06758163490935243,
2019-06-04,208778.73094140625,0.12434185433601053,
2019-06-05,211923.1630703125,0.11115350131389612,
2019-06-06,211863.546859375,0.11140354316674983,
2019-06-07,217855.5956875,0.08627173811216038,
2019-06-08,215430.3681484375,0.09644360878161429,
2019-06-09,208246.9970546875,0.12657204850919734,
2019-06-10,216677.81297265625,0.0912115853055252,
2019-06-11,214717.20164453125,0.09943476624073055,
2019-06-12,220607.0644375,0.07473154906793433,
2019-06-13,222903.85740625,0.06509835768430561,
2019-06-14,235402.4052578125,0.01267704452734697,
2019-06-15,239305.039046875,0.0,19 days
2019-06-16,243520.097640625,0.0,
2019-06-17,252318.4326015625,0.0,
2019-06-18,245876.5068203125,0.0255309361065289,
2019-06-19,251053.994125,0.00501128064059897,
2019-06-20,257902.238265625,0.0,3 days
2019-06-21,274571.94334374997,0.0,
2019-06-22,289614.58201562497,0.0,
2019-06-23,293763.93357812497,0.0,
2019-06-24,297968.68260156247,0.0,
2019-06-25,319023.67283593747,0.0,
2019-06-26,352107.16307031247,0.0,
2019-06-27,302604.69334374997,0.14058921521195333,
2019-06-28,335666.87889062497,0.04669113810787351,
2019-06-29,323571.93357812497,0.0810413206120697,
2019-06-30,292732.10642968747,0.16862780104467334,
2019-07-01,286413.55271874997,0.18657277454603816,
2019-07-02,292314.21287499997,0.16981463732213942,
2019-07-03,323623.19139062497,0.08089574614532768,
2019-07-04,303485.72654687497,0.13808704173884767,
2019-07-05,297087.33299218747,0.15625876394663996,
2019-07-06,303299.78514062497,0.13861512360071226,
2019-07-07,309841.77439843747,0.12003558321088459,
2019-07-08,332389.78025781247,0.05599824394530317,
2019-07-09,340161.85154687497,0.033925215889607285,
2019-07-10,328894.75682031247,0.06592426591834122,
2019-07-11,307352.79099999997,0.12710440673817103,
2019-07-12,319700.54490624997,0.09203623658627813,
2019-07-13,308263.14451562497,0.12451896227380144,
2019-07-14,277582.49607812497,0.21165336808926438,
2019-07-15,294836.33982812497,0.1626516846257713,
2019-07-16,256565.2372890625,0.2713433176085973,
2019-07-17,262401.58787499997,0.25476782242399065,
2019-07-18,288663.93943749997,0.18018157619856057,
2019-07-19,284998.68943749997,0.19059104917843317,
2019-07-20,291381.68455468747,0.17246305921785154,
2019-07-21,286844.76170312497,0.18534812185617255,
2019-07-22,279932.78807031247,0.20497843432281282,
2019-07-23,267989.63865624997,0.23889750972565427,
2019-07-24,265590.91014062497,0.24571000537245824,
2019-07-25,268288.64256249997,0.23804832533632592,
2019-07-26,267167.11424218747,0.2412335156361567,
2019-07-27,256566.212875,0.27134054690115417,
2019-07-28,258596.1435390625,0.2655754535518401,
2019-07-29,257685.8427578125,0.26816074824823977,
2019-07-30,260069.35740625,0.2613914606607517,
2019-07-31,272980.86814843747,0.22472219602665178,
2019-08-01,281459.97557031247,0.20064115391453263,
2019-08-02,284659.63377343747,0.19155398234089993,
2019-08-03,292855.53123437497,0.16827726911112428,
2019-08-04,296863.89744531247,0.1568933308351027,
2019-08-05,319421.55369531247,0.09282858403102978,
2019-08-06,310579.47557031247,0.11794047907996497,
2019-08-07,323102.07029687497,0.08237575322387136,
2019-08-08,323761.90916406247,0.08050178150050791,
2019-08-09,320968.20017968747,0.08843603924185672,
2019-08-10,307227.57322656247,0.12746003078269663,
2019-08-11,311805.54978906247,0.11445837377980905,
2019-08-12,307999.55174218747,0.12526757747134254,
2019-08-13,294856.32615624997,0.1625949225651795,
2019-08-14,272064.92478906247,0.22732351589583066,
2019-08-15,279080.65330468747,0.20739853494841365,
2019-08-16,280776.06346093747,0.2025834947161551,
2019-08-17,276926.00584374997,0.2135178295465393,
2019-08-18,280005.79881249997,0.20477108056848747,
2019-08-19,295402.36424218747,0.1610441501208585,
2019-08-20,291276.18943749997,0.1727626700416348,
2019-08-21,274396.25877343747,0.22070242371455784,
2019-08-22,274207.41697656247,0.22123874281476674,
2019-08-23,281683.96482812497,0.20000501446238583,
2019-08-24,274987.85935937497,0.21902225174424383,
2019-08-25,274408.88865624997,0.22066655428576698,
2019-08-26,280681.06248437497,0.20285330171392846,
2019-08-27,275677.41404687497,0.21706388576984215,
2019-08-28,264038.33103906247,0.2501193990582449,
2019-08-29,257444.3193203125,0.26884668555037805,
2019-08-30,259819.60740625,0.26210076176619423,
2019-08-31,260696.843734375,0.25960937158692143,
2019-09-01,264134.12303124997,0.24984734554092303,
2019-09-02,280031.45408593747,0.20469821845113145,
2019-09-03,287504.49510156247,0.18347444966874893,
2019-09-04,286720.22947656247,0.1857017989170895,
2019-09-05,286208.31053124997,0.18715567148488577,
2019-09-06,280208.08787499997,0.2041965706359542,
2019-09-07,284634.79588281247,0.19162452305472244,
2019-09-08,282583.37596093747,0.19745064685177038,
2019-09-09,279713.22849999997,0.20560199326548811,
2019-09-10,273800.25486718747,0.22239510131035833,
2019-09-11,275484.95994531247,0.21761046397598927,
2019-09-12,281742.34178124997,0.19983922131970744,
2019-09-13,280403.67967187497,0.2036410812355981,
2019-09-14,280336.23240624997,0.20383263446909916,
2019-09-15,280057.16209374997,0.20462520656580563,
2019-09-16,278142.35057031247,0.21006335643682983,
2019-09-17,277183.27049218747,0.2127871865053862,
2019-09-18,276021.61131249997,0.2160863502303102,
2019-09-19,277862.12010156247,0.21085922342887398,
2019-09-20,275573.23728906247,0.217359752394378,
2019-09-21,271201.26756249997,0.22977634082285447,
2019-09-22,272569.51365624997,0.2258904610758503,
2019-09-23,263360.66795312497,0.2520439923554343,
2019-09-24,233424.207015625,0.33706487257968,
2019-09-25,229817.7294765625,0.3473074291570999,
2019-09-26,219881.0439296875,0.3755280579572323,
2019-09-27,223468.74803125,0.3653388187770965,
2019-09-28,223308.6201015625,0.36579358921769545,
2019-09-29,219481.9238125,0.3766615768374143,
2019-09-30,224603.3544765625,0.36211648602073077,
2019-10-01,225937.3759609375,0.35832780568619127,
2019-10-02,227281.0478359375,0.35451171781316015,
2019-10-03,223688.703109375,0.36471413657464713,
2019-10-04,222229.27928125,0.3688589651416069,
2019-10-05,220759.42723046875,0.37303341032461423,
2019-10-06,216349.11961328125,0.3855588800672073,
2019-10-07,223300.7363125,0.3658159795291953,
2019-10-08,222846.06053125,0.3671072789656661,
2019-10-09,232753.900375,0.33896857324506846,
2019-10-10,232503.7021328125,0.3396791473782551,
2019-10-11,225356.3486171875,0.3599779491785404,
2019-10-12,225755.9169765625,0.35884315727061433,
2019-10-13,225336.07225,0.3600355349629666,
2019-10-14,226785.4501796875,0.35591923719427265,
2019-10-15,222213.88084375,0.3689026973888174,
2019-10-16,217952.13914453125,0.38100623331821204,
2019-10-17,219474.5146328125,0.37668261923718516,
2019-10-18,215945.51707421875,0.3867051292248307,
2019-10-19,216360.0488125,0.38552784065544576,
2019-10-20,222665.023421875,0.36762143240632994,
2019-10-21,223249.37303125,0.36596185353187716,
2019-10-22,218780.398421875,0.3786539401409831,
2019-10-23,203565.054671875,0.42186619296005357,
2019-10-24,202993.11082421875,0.42349053891958754,
2019-10-25,234507.8193203125,0.3339873654502067,
2019-10-26,250283.175765625,0.2891846516747919,
2019-10-27,258565.214828125,0.26566329246618603,
2019-10-28,250584.921859375,0.2883276793510289,
2019-10-29,255216.476546875,0.2751738580907237,
2019-10-30,249223.531234375,0.292194089261946,
2019-10-31,249057.7079921875,0.29266503464329396,
2019-11-01,250718.7353359375,0.2879476431274096,
2019-11-02,252436.2939296875,0.28306970034779333,
2019-11-03,250023.4853359375,0.2899221840425604,
2019-11-04,254809.4462734375,0.27632984216639056,
2019-11-05,252917.152328125,0.2817040411142677,
2019-11-06,253412.6708828125,0.28029674638511004,
2019-11-07,250893.0751796875,0.28745251021892293,
2019-11-08,238400.69725,0.3229314190282643,
2019-11-09,238635.628890625,0.32226420272236345,
2019-11-10,245168.1259609375,0.30371162056711765,
2019-11-11,237129.1923671875,0.32654254943448835,
2019-11-12,238691.791,0.3221046998344208,
2019-11-13,238492.0068203125,0.32267209578838385,
2019-11-14,235787.4716640625,0.3303530958926332,
2019-11-15,229952.703109375,0.34692409803814295,
2019-11-16,231539.4540859375,0.34241765470786156,
2019-11-17,232274.2548671875,0.3403307878152865,
2019-11-18,225019.6396328125,0.3609342176663466,
2019-11-19,222234.8427578125,0.3688431646207825,
2019-11-20,217405.15183984375,0.3825597015859913,
2019-11-21,207023.164046875,0.41204500856594495,
2019-11-22,197676.51023828125,0.438589920992868,
2019-11-23,200409.429671875,0.43082830827882046,
2019-11-24,190962.6728359375,0.4576575177546045,
2019-11-25,193614.5263515625,0.45012613585228456,
2019-11-26,195564.933578125,0.44458689260157847,
2019-11-27,204023.83055078125,0.4205632490639232,
2019-11-28,202172.77488671875,0.42582032945933923,
2019-11-29,210222.49266015625,0.40295877304212413,
2019-11-30,205048.9208828125,0.4176519469390455,
2019-12-01,201124.81101953125,0.4287965934411606,
2019-12-02,198362.597640625,0.43664140226248715,
2019-12-03,198312.8427578125,0.436782708342087,
2019-12-04,196473.85008203125,0.44200552931438863,
2019-12-05,201773.2197109375,0.4269550839252728,
2019-12-06,204437.82176171875,0.4193874956162297,
2019-12-07,204687.33445703125,0.4186788684666517,
2019-12-08,204906.23484765625,0.41805718162360017,
2019-12-09,200493.1982265625,0.4305904018586356,
2019-12-10,197178.14402734375,0.44000530319240017,
2019-12-11,195539.44969140625,0.44465926797303224,
2019-12-12,196233.53953515625,0.4426880219532192,
2019-12-13,196950.3974453125,0.4406521136124022,
2019-12-14,193035.10740625,0.4517717114215518,
2019-12-15,193781.0615078125,0.4496531686033429,
2019-12-16,187845.886703125,0.4665093289635407,
2019-12-17,179962.82273828125,0.48889758115388193,
2019-12-18,197142.587875,0.44010628424610465,
2019-12-19,195145.70848046875,0.44577751052028447,
2019-12-20,195576.957015625,0.44455274550444146,
2019-12-21,194830.19871484375,0.44667357228419124,
2019-12-22,203481.8134609375,0.42210260170053937,
2019-12-23,199270.88133203125,0.4340618361909362,
2019-12-24,198377.2841640625,0.4365996918828703,
2019-12-25,197098.11961328125,0.44023257608672217,
2019-12-26,196121.0175625,0.44300758935899154,
2019-12-27,197501.30027734375,0.439087525072858,
2019-12-28,198254.650375,0.43694797729687074,
2019-12-29,201080.54051171875,0.428922323651891,
2019-12-30,197579.7822109375,0.43886463289165556,
2019-12-31,194896.09031640625,0.44648643720580217,
2020-01-01,195073.62058984375,0.4459822433351366,
2020-01-02,189276.60984765625,0.4624460116141985,
2020-01-03,198980.78953515625,0.4348857097933515,
2020-01-04,200756.64598046875,0.42984219852301175,
2020-01-05,200774.4833828125,0.4297915395071934,
2020-01-06,210437.83348046875,0.4023471955370408,
2020-01-07,221088.6083828125,0.37209852121451104,
2020-01-08,218825.20945703125,0.3785266748085613,
2020-01-09,213403.8388515625,0.3939236083960389,
2020-01-10,221165.87742578125,0.3718790736966163,
2020-01-11,217682.42918359375,0.3817722216002615,
2020-01-12,221866.25584375,0.36988996784639283,
2020-01-13,220562.1611171875,0.37359365485801455,
2020-01-14,239018.5595546875,0.3211766626089406,
2020-01-15,238458.2040859375,0.3227680970570893,
2020-01-16,236211.1396328125,0.32914986002246316,
2020-01-17,241752.9423671875,0.31341089383372833,
2020-01-18,242124.746078125,0.3123549547619542,
2020-01-19,235737.5322109375,0.33049492616012777,
2020-01-20,234425.26365625,0.3342218272070838,
2020-01-21,236808.066390625,0.32745456148718943,
2020-01-22,235052.5654140625,0.3324402623211482,
2020-01-23,227644.835921875,0.3534785434728106,
2020-01-24,228695.6474453125,0.3504941920206146,
2020-01-25,226600.800765625,0.3564436497408746,
2020-01-26,232783.32615625,0.3388850027178647,
2020-01-27,241234.0361171875,0.31488461065753626,
2020-01-28,253350.839828125,0.2804723493298169,
2020-01-29,252217.9208828125,0.28368988951114593,
2020-01-30,257411.7294765625,0.2689392421557757,
2020-01-31,253133.2050625,0.2810904417415908,
2020-02-01,254276.539046875,0.2778433223862067,
2020-02-02,252966.775375,0.2815631094545926,
2020-02-03,251593.994125,0.285461869247008,
2020-02-04,248554.91209375,0.29409299735229777,
2020-02-05,260231.35740625,0.2609313734572214,
2020-02-06,263373.56150781247,0.25200737408679397,
2020-02-07,265159.38474999997,0.24693555667014322,
2020-02-08,267027.13084374997,0.2416310747122541,
2020-02-09,273819.10740624997,0.22234155926111931,
2020-02-10,266797.41990624997,0.24228346398913492,
2020-02-11,276291.29490624997,0.2153204368322459,
2020-02-12,279472.39060937497,0.20628598358401762,
2020-02-13,276457.17088281247,0.21484934168292802,
2020-02-14,279096.05174218747,0.2073548027012031,
2020-02-15,267683.38377343747,0.23976728721084373,
2020-02-16,268898.62107812497,0.23631595922850213,
2020-02-17,262302.76365624997,0.25504848759958176,
2020-02-18,274502.80857812497,0.2203998175313765,
2020-02-19,260770.355453125,0.25940059503688195,
2020-02-20,260097.7548671875,0.261310810608961,
2020-02-21,262202.83201562497,0.25533229790254075,
2020-02-22,261574.81834375,0.25711588465606994,
2020-02-23,268630.83592187497,0.23707648097965017,
2020-02-24,261223.6337734375,0.25811326445161353,
2020-02-25,252894.95115625,0.2817670934295953,
2020-02-26,238823.0204921875,0.3217320022413267,
2020-02-27,237850.25584375,0.324494697098072,
2020-02-28,234825.20115625,0.33308598692336844,
2020-02-29,232855.6513515625,0.338679595947148,
2020-03-01,231855.1747890625,0.34152099387207524,
2020-03-02,240150.0019375,0.31796331593076876,
2020-03-03,237939.1396328125,0.32424226318480687,
2020-03-04,237060.558578125,0.3267374724473122,
2020-03-05,245795.5068203125,0.3019298310292271,
2020-03-06,246977.6533046875,0.2985724824479973,
2020-03-07,241237.6747890625,0.31487427666761325,
2020-03-08,219588.0517421875,0.37636016879799217,
2020-03-09,214607.316390625,0.39050567867098473,
2020-03-10,214231.6103359375,0.39157270057253146,
2020-03-11,214277.52879296875,0.3914422901127418,
2020-03-12,134880.1923671875,0.6169342560626828,
2020-03-13,150889.003890625,0.5714685194845244,
2020-03-14,141078.8017421875,0.5993299298088537,
2020-03-15,146261.41746484375,0.5846110707050947,
2020-03-16,136059.87351953125,0.6135839091340457,
2020-03-17,141760.90769921875,0.5973927185602003,
2020-03-18,142106.7529140625,0.596410502771609,
2020-03-19,167831.12156640625,0.5233521519330978,
2020-03-20,168035.9286953125,0.5227704905800019,
2020-03-21,167665.707015625,0.5238219366126791,
2020-03-22,158085.7958828125,0.5510293102124586,
2020-03-23,173909.41746484375,0.5060895213025937,
2020-03-24,182508.6142421875,0.4816674200810216,
2020-03-25,181057.61473046875,0.48578832321479004,
2020-03-26,182012.8056484375,0.48307553853401364,
2020-03-27,175353.46922265625,0.5019883500988596,
2020-03-28,169208.14793359375,0.5194413358191055,
2020-03-29,160564.074203125,0.5439908895830617,
2020-03-30,174274.6425625,0.5050522657850645,
2020-03-31,174512.316390625,0.5043772615447288,
2020-04-01,179051.8759609375,0.49148471050791276,
2020-04-02,184096.77586328125,0.47715697045754546,
2020-04-03,182470.36863671875,0.48177603930119095,
2020-04-04,186092.152328125,0.4714900125705078,
2020-04-05,184029.40769921875,0.4773482990390916,
2020-04-06,197007.007796875,0.44049133769671545,
2020-04-07,194432.10691796875,0.44780417068896017,
2020-04-08,198689.5771328125,0.4357127659651273,
2020-04-09,197825.32664453125,0.43816727578181247,
2020-04-10,186037.2294765625,0.47164599591115786,
2020-04-11,185864.1552578125,0.4721375343883669,
2020-04-12,188888.3925625,0.4635485659666039,
2020-04-13,185484.92918359375,0.47321455330190443,
2020-04-14,185414.462875,0.47341468075168214,
2020-04-15,180005.88035546875,0.48877529560645927,
2020-04-16,192822.62742578125,0.452375164014268,
2020-04-17,192265.8974453125,0.4539563019144861,
2020-04-18,196625.8701015625,0.44157378569916184,
2020-04-19,194783.3837734375,0.44680652879946925,
2020-04-20,186481.79344140625,0.4703834144829152,
2020-04-21,186437.6415859375,0.47050880771571335,
2020-04-22,192833.51707421875,0.4523442369284838,
2020-04-23,201271.4785,0.42838005127487855,
2020-04-24,204543.23777734375,0.4190881094444011,
2020-04-25,205057.18699609375,0.41762847080976373,
2020-04-26,208025.328109375,0.4091988180659809,
2020-04-27,211150.14305078125,0.4003242046836276,
2020-04-28,211459.496078125,0.3994456283302066,
2020-04-29,238296.9423671875,0.3232260875090409,
2020-04-30,234449.8642421875,0.3341519604491259,
2020-05-01,240017.6122890625,0.31833930841920066,
2020-05-02,243361.0243984375,0.3088438693596227,
2020-05-03,240900.570296875,0.3158316684151937,
2020-05-04,241310.5800625,0.3146672224492276,
2020-05-05,243751.812484375,0.3077340138186849,
2020-05-06,250925.480453125,0.28736047780141993,
2020-05-07,269359.91502343747,0.235005863911809,
2020-05-08,266420.89646874997,0.24335280729421505,
2020-05-09,259704.119125,0.2624287536202734,
2020-05-10,237092.5419765625,0.3266466381735683,
2020-05-11,232917.4033046875,0.3385042176543961,
2020-05-12,238389.8076015625,0.3229623461140485,
2020-05-13,250958.5712734375,0.28726649840030816,
2020-05-14,263479.39939843747,0.2517067897712063,
2020-05-15,252530.24021875,0.28280288870941794,
2020-05-16,253848.2831875,0.27905958806975795,
2020-05-17,261778.8740078125,0.256536357496545,
2020-05-18,263286.44432031247,0.25225479077306745,
2020-05-19,263352.94236718747,0.2520659333630245,
2020-05-20,257789.4130703125,0.2678666039553578,
2020-05-21,245876.480453125,0.30169986231144696,
2020-05-22,248598.4970546875,0.29396921412517607,
2020-05-23,249319.666,0.2919210622528199,
2020-05-24,238008.8544765625,0.32404426992860014,
2020-05-25,241156.1474453125,0.3151058179490773,
2020-05-26,239215.337875,0.3206178034292618,
2020-05-27,248556.38865625,0.2940888038491406,
2020-05-28,257864.1904140625,0.2676542329740408,
2020-05-29,255525.2626796875,0.274296891742979,
2020-05-30,262580.09373437497,0.2542608578458819,
2020-05-31,256117.496078125,0.27261492255702635,
2020-06-01,275185.16502343747,0.21846189488486611,
2020-06-02,257973.6142421875,0.2673434644364999,
2020-06-03,261400.2939296875,0.25761154175245127,
2020-06-04,265286.10545312497,0.24657566423847543,
2020-06-05,261638.31053125,0.25693556402031137,
2020-06-06,261318.265609375,0.2578445058296295,
2020-06-07,264157.93260156247,0.24977972530251358,
2020-06-08,264499.12400781247,0.24881072653726588,
2020-06-09,265152.81932031247,0.24695420278239566,
2020-06-10,267161.47166406247,0.2412495408089359,
2020-06-11,252357.007796875,0.28329487649053675,
2020-06-12,256651.695296875,0.2710977730219476,
2020-06-13,256501.402328125,0.27152461173616027,
2020-06-14,254112.1923671875,0.27831007426439747,
2020-06-15,255837.8720546875,0.27340906721741676,
2020-06-16,258195.5732265625,0.26671309105119434,
2020-06-17,256635.7958828125,0.2711429280648723,
2020-06-18,254788.6161953125,0.27638900051450066,
2020-06-19,251445.4150234375,0.28588384050219895,
2020-06-20,252642.1161953125,0.2824851559612769,
2020-06-21,251866.9208828125,0.28468674511879477,
2020-06-22,261184.2939296875,0.25822499135715826,
2020-06-23,260669.68553125,0.2596865020914194,
2020-06-24,252136.3935390625,0.28392143079261,
2020-06-25,250818.8779140625,0.2876632337525711,
2020-06-26,248067.699203125,0.29547670362619627,
2020-06-27,244894.460921875,0.30448884144690946,
2020-06-28,247545.628890625,0.2969594065281981,
2020-06-29,248821.9853359375,0.2933344974687433,
2020-06-30,247394.7294765625,0.2973879675740646,
2020-07-01,249833.6943203125,0.2904611989662276,
2020-07-02,247000.988265625,0.29850621012131684,
2020-07-03,246026.1142421875,0.30127489569685806,
2020-07-04,247246.097640625,0.29781008859722546,
2020-07-05,245665.3583828125,0.30229945837893835,
2020-07-06,253806.7285,0.27917760523003843,
2020-07-07,250480.402328125,0.288624519467369,
2020-07-08,255233.9052578125,0.27512435977667205,
2020-07-09,251174.0439296875,0.2866545464753001,
2020-07-10,251196.7197109375,0.2865901462482435,
2020-07-11,250158.2743984375,0.28953937711149813,
2020-07-12,251134.414046875,0.2867670971046794,
2020-07-13,250246.4990078125,0.28928881529785677,
2020-07-14,250235.6884609375,0.2893195177316862,
2020-07-15,248875.5107265625,0.2931824829792957,
2020-07-16,247239.0576015625,0.297830082621207,
2020-07-17,247756.51365625,0.29636048441657126,
2020-07-18,247962.9951015625,0.29577406793043104,
2020-07-19,248685.9833828125,0.2937207490631133,
2020-07-20,248103.1630703125,0.2953759846664391,
2020-07-21,253790.8818203125,0.2792226105049932,
2020-07-22,257853.722640625,0.2676839619160657,
2020-07-23,259357.86521875,0.26341213011063147,
2020-07-24,258165.01365625,0.2667998815897509,
2020-07-25,261950.972640625,0.2560475897267791,
2020-07-26,268108.42283593747,0.23856015737345637,
2020-07-27,297422.48631249997,0.15530691361394566,
2020-07-28,295315.14158593747,0.1612918663430717,
2020-07-29,300381.54392968747,0.14690305840297802,
2020-07-30,300671.68846093747,0.14607903503259267,
2020-07-31,306402.51756249997,0.1298032255557542,
2020-08-01,318177.91892968747,0.09636056206516208,
2020-08-02,299116.49900781247,0.15049584223288937,
2020-08-03,304320.32713281247,0.13571673896323833,
2020-08-04,303228.01365624997,0.138818957807745,
2020-08-05,317838.52049218747,0.09732446871943323,
2020-08-06,318722.79685937497,0.09481308451617887,
2020-08-07,313908.67576562497,0.10848540248827487,
2020-08-08,318028.15330468747,0.09678590309967583,
2020-08-09,315913.87400781247,0.10279055031684359,
2020-08-10,321377.91990624997,0.0872724169997251,
2020-08-11,308753.09959374997,0.12312746806546815,
2020-08-12,313462.14744531247,0.10975356277339621,
2020-08-13,318840.63182031247,0.0944784279874391,
2020-08-14,318428.43357812497,0.09564908932415606,
2020-08-15,321042.76658593747,0.08822426733241928,
2020-08-16,321774.61424218747,0.08614578744615853,
2020-08-17,331537.77732812497,0.05841797015097927,
2020-08-18,324432.21580468747,0.07859808083511943,
2020-08-19,318142.56053124997,0.09646098148897952,
2020-08-20,321384.95994531247,0.08725242297574354,
2020-08-21,313666.12400781247,0.10917426026582622,
2020-08-22,316078.19432031247,0.1023238733226377,
2020-08-23,315619.80076562497,0.1036257314009863,
2020-08-24,318582.99803124997,0.09521011940438151,
2020-08-25,307554.55271874997,0.1265313944853368,
2020-08-26,310854.72264062497,0.11715876516107615,
2020-08-27,306400.64549218747,0.12980854231868566,
2020-08-28,312316.41404687497,0.11300749657141074,
2020-08-29,311354.27537499997,0.11574001318222127,
2020-08-30,316879.57224999997,0.10004792436806487,
2020-08-31,316051.06248437497,0.10240092894315089,
2020-09-01,323871.83396874997,0.08018959016725302,
2020-09-02,308847.83689843747,0.12285840990754426,
2020-09-03,277291.92967187497,0.21247858960340893,
2020-09-04,284487.87791406247,0.19204177661886157,
2020-09-05,275247.23338281247,0.2182856179842947,
2020-09-06,278238.40623437497,0.2097905540796584,
2020-09-07,280647.12791406247,0.20294967740255854,
2020-09-08,274219.86228906247,0.22120339757387053,
2020-09-09,277212.30076562497,0.21270473923795663,
2020-09-10,280473.65818749997,0.2034423391395419,
2020-09-11,281493.62010156247,0.20054560194973692,
2020-09-12,282607.52830468747,0.19738205312155654,
2020-09-13,279410.32224999997,0.20646226048458893,
2020-09-14,289051.53709374997,0.17908078161980157,
2020-09-15,292186.59568749997,0.17017707580929542,
2020-09-16,296991.35642968747,0.15653134165185645,
2020-09-17,296291.65037499997,0.15851853796046367,
2020-09-18,296172.73435937497,0.1588562647325863,
2020-09-19,300216.27439843747,0.14737243122064203,
2020-09-20,296002.24412499997,0.15934046457927042,
2020-09-21,283149.92771874997,0.19584161466715855,
2020-09-22,285207.33299218747,0.189998492205527,
2020-09-23,277315.95017968747,0.21241037029311982,
2020-09-24,291190.70701562497,0.17300544392084138,
2020-09-25,289372.26756249997,0.1781698928268748,
2020-09-26,290938.45213281247,0.17372185900485415,
2020-09-27,291601.19139062497,0.17183965004314616,
2020-09-28,289829.52732812497,0.17687125475987897,
2020-09-29,293474.21092187497,0.16652019128826712,
2020-09-30,291850.17674218747,0.17113252057326722,
2020-10-01,287394.12205468747,0.1837879140297478,
2020-10-02,286220.22849999997,0.1871218239236886,
2020-10-03,285500.79978906247,0.18916503345303814,
2020-10-04,288747.65525781247,0.17994381954634564,
2020-10-05,292089.08982812497,0.170453996785639,
2020-10-06,286987.88279687497,0.18494165158586617,
2020-10-07,288731.07029687497,0.17999092157287888,
2020-10-08,295392.42381249997,0.16107238138318447,
2020-10-09,299409.28025781247,0.14966433046400918,
2020-10-10,305670.66990624997,0.13188170544201505,
2020-10-11,308041.81834374997,0.12514753844346838,
2020-10-12,312663.72264062497,0.11202112472165471,
2020-10-13,309168.19822656247,0.12194856949040678,
2020-10-14,309265.59861718747,0.12167194805000303,
2020-10-15,311043.35349999997,0.1166230451327468,
2020-10-16,306366.23631249997,0.12990626591904486,
2020-10-17,307337.65623437497,0.1271473901455321,
2020-10-18,310719.61717187497,0.11754247069995793,
2020-10-19,317703.91599999997,0.09770675146260088,
2020-10-20,322409.95799218747,0.08434138294481319,
2020-10-21,346908.52928124997,0.014764351124615938,
2020-10-22,350747.98728906247,0.0038601196561814932,
2020-10-23,349820.46873437497,0.006494313594753165,
2020-10-24,354586.60154687497,0.0,486 days
2020-10-25,352510.60740624997,0.005854688619278181,
2020-10-26,353700.61131249997,0.002498656831673496,
2020-10-27,369332.820296875,0.0,3 days
2020-10-28,358993.61326562497,0.027994281750913008,
2020-10-29,363491.749984375,0.015815194294958257,
2020-10-30,366425.0204921875,0.00787311510076516,
2020-10-31,372755.7822109375,0.0,4 days
2020-11-01,371570.867171875,0.0031787972061342318,
2020-11-02,366532.1240078125,0.016696342485180038,
2020-11-03,377327.035140625,0.0,3 days
2020-11-04,382279.003890625,0.0,
2020-11-05,421324.8271328125,0.0,
2020-11-06,420947.69725,0.0008951048182442856,
2020-11-07,401180.269515625,0.047812415314508416,
2020-11-08,418617.2333828125,0.006426380729627645,
2020-11-09,414641.4306484375,0.015862811906567797,
2020-11-10,413523.277328125,0.018516710391311086,
2020-11-11,424605.089828125,0.0,6 days
2020-11-12,440130.195296875,0.0,
2020-11-13,441249.746078125,0.0,
2020-11-14,434508.6581875,0.015277261801373232,
2020-11-15,431469.78709375,0.02216422575038357,
2020-11-16,452003.91990625,0.0,3 days
2020-11-17,477094.882796875,0.0,
2020-11-18,481377.07225,0.0,
2020-11-19,481730.339828125,0.0,
2020-11-20,503444.40428125,0.0,
2020-11-21,504009.1894375,0.0,
2020-11-22,496658.96678125,0.014583509210324586,
2020-11-23,496500.183578125,0.014898549504137826,
2020-11-24,516570.464828125,0.0,3 days
2020-11-25,506436.183578125,0.019618390790832163,
2020-11-26,463735.7363125,0.10227980907349077,
2020-11-27,462595.777328125,0.10448659219794654,
2020-11-28,479039.093734375,0.07265489153786131,
2020-11-29,491460.992171875,0.04860803000923508,
2020-11-30,530566.484359375,0.0,6 days
2020-12-01,508349.8613125,0.04187340079292812,
2020-12-02,519098.3925625,0.02161480631540824,
2020-12-03,525694.671859375,0.009182284678012409,
2020-12-04,505562.585921875,0.04712679593338909,
2020-12-05,517833.136703125,0.023999532634679355,
2020-12-06,522987.183578125,0.014285298835642557,
2020-12-07,518842.94725,0.02209626400267317,
2020-12-08,495339.816390625,0.06639444632708735,
2020-12-09,501624.64646875,0.054548937303437794,
2020-12-10,493823.703109375,0.06925198317862935,
2020-12-11,488259.3300625,0.07973959069042613,
2020-12-12,508367.632796875,0.04183990549139871,
2020-12-13,517513.249984375,0.024602448062208238,
2020-12-14,520328.316390625,0.019296673028851186,
2020-12-15,524929.9706875,0.010623576569637083,
2020-12-16,576055.050765625,0.0,16 days
2020-12-17,616408.291,0.0,
2020-12-18,625393.859359375,0.0,
2020-12-19,645154.378890625,0.0,
2020-12-20,634555.8769375,0.01642785401433633,
2020-12-21,616352.128890625,0.04464396575828389,
2020-12-22,642810.7050625,0.0036327333500472125,
2020-12-23,628185.24803125,0.02630243460263615,
2020-12-24,641539.542953125,0.005603055727089523,
2020-12-25,666618.27146875,0.0,6 days
2020-12-26,714468.916,0.0,
2020-12-27,710020.8769375,0.006225657915816196,
2020-12-28,731958.746078125,0.0,2 days
2020-12-29,739454.726546875,0.0,
2020-12-30,779374.648421875,0.0,
2020-12-31,783715.37303125,0.0,
2021-01-01,793771.027328125,0.0,
2021-01-02,868105.13865625,0.0,
2021-01-03,885783.546859375,0.0,
2021-01-04,863910.593734375,0.024693338685904176,
2021-01-05,918464.515609375,0.0,2 days
2021-01-06,994926.722640625,0.0,
2021-01-07,1063687.074203125,0.0,
2021-01-08,1102204.367171875,0.0,
2021-01-09,1087541.679671875,0.013303056979916295,
2021-01-10,1036292.832015625,0.059799740519420275,
2021-01-11,960968.632796875,0.12813933475639738,
2021-01-12,916588.859359375,0.16840389436014236,
2021-01-13,1008210.617171875,0.08527796913123897,
2021-01-14,1058726.773421875,0.03944603654724965,
2021-01-15,994953.828109375,0.09730549275330136,
2021-01-16,977478.710921875,0.11316019058246984,
2021-01-17,967033.402328125,0.12263693455559666,
2021-01-18,989680.917953125,0.10208946051218415,
2021-01-19,974553.640609375,0.11581402720262901,
2021-01-20,960458.164046875,0.1286024691488965,
2021-01-21,832962.792953125,0.2442755465663703,
2021-01-22,891824.480453125,0.19087194079856507,
2021-01-23,866495.26365625,0.21385244926984504,
2021-01-24,872482.144515625,0.20842071533946993,
2021-01-25,874561.51365625,0.2065341603569667,
2021-01-26,880054.8535,0.20155020274677748,
2021-01-27,822347.679671875,0.2539063497072498,
2021-01-28,904253.550765625,0.17959538385260454,
2021-01-29,927211.355453125,0.15876639299457795,
2021-01-30,925946.046859375,0.15991437301664646,
2021-01-31,894756.617171875,0.18821169302049323,
2021-02-01,906172.660140625,0.17785422819022578,
2021-02-02,959446.718734375,0.12952012593072837,
2021-02-03,1012415.339828125,0.08146313879533784,
2021-02-04,997672.707015625,0.09483872797969928,
2021-02-05,1030565.246078125,0.06499622322996912,
2021-02-06,1060851.230453125,0.03751857454970642,
2021-02-07,1051061.832015625,0.0464002291040414,
2021-02-08,1247973.464828125,0.0,31 days
2021-02-09,1255658.761703125,0.0,
2021-02-10,1213459.871078125,0.03360697341669727,
2021-02-11,1294220.878890625,0.0,2 days
2021-02-12,1283299.906234375,0.008438260295731914,
2021-02-13,1272517.835921875,0.016769195523528624,
2021-02-14,1316035.718734375,0.0,3 days
2021-02-15,1295185.496078125,0.01584320422267993,
2021-02-16,1329065.433578125,0.0,2 days
2021-02-17,1408692.124984375,0.0,
2021-02-18,1396023.429671875,0.008993232153292952,
2021-02-19,1509648.499984375,0.0,2 days
2021-02-20,1515355.941390625,0.0,
2021-02-21,1554247.437484375,0.0,
2021-02-22,1464266.562484375,0.057893532799152214,
2021-02-23,1318928.410140625,0.15140383806881175,
2021-02-24,1342712.878890625,0.1361009537426865,
2021-02-25,1272202.906234375,0.18146694306699507,
2021-02-26,1251842.480453125,0.19456680431830542,
2021-02-27,1247757.148421875,0.19719529958406712,
2021-02-28,1219388.691390625,0.2154475137084576,
2021-03-01,1340712.453109375,0.1373880240849017,
2021-03-02,1306901.597640625,0.1591418675549443,
2021-03-03,1365201.453109375,0.1216318456223291,
2021-03-04,1311820.449203125,0.15597708732505933,
2021-03-05,1321706.140609375,0.14961665129162405,
2021-03-06,1321303.249984375,0.1498758703936044,
2021-03-07,1383249.582015625,0.11001971201285576,
2021-03-08,1411325.046859375,0.09195600853383223,
2021-03-09,1480920.078109375,0.047178690861272354,
2021-03-10,1512899.785140625,0.02660300499557089,
2021-03-11,1561407.183578125,0.0,18 days
2021-03-12,1548635.339828125,0.008179700903342857,
2021-03-13,1654232.234359375,0.0,2 days
2021-03-14,1601831.457015625,0.03167679619303454,
2021-03-15,1510163.292953125,0.08709112204069869,
2021-03-16,1534401.277328125,0.07243901705110722,
2021-03-17,1590183.066390625,0.0387183653167984,
2021-03-18,1562859.804671875,0.05523555144775982,
2021-03-19,1576028.527328125,0.04727492634160613,
2021-03-20,1575137.316390625,0.04781367230422795,
2021-03-21,1553801.304671875,0.06071150567706918,
2021-03-22,1472955.816390625,0.10958341531710747,
2021-03-23,1478620.437484375,0.10615909497314813,
2021-03-24,1425574.085921875,0.1382261472652606,
2021-03-25,1396681.238265625,0.15569216385962292,
2021-03-26,1489376.351546875,0.09965703689502992,
2021-03-27,1511953.730453125,0.08600878458963734,
2021-03-28,1511339.058578125,0.0863803599115498,
2021-03-29,1559924.292953125,0.05701009776464194,
2021-03-30,1591446.582015625,0.037954557431329805,
2021-03-31,1591477.378890625,0.03793594041108306,
2021-04-01,1596255.746078125,0.03504736945456888,
2021-04-02,1604045.351546875,0.030338474713579533,
2021-04-03,1555973.960921875,0.05939811315280763,
2021-04-04,1587149.890609375,0.040551950540353654,
2021-04-05,1595231.644515625,0.03566644913469408,
2021-04-06,1571862.617171875,0.0497932608714996,
2021-04-07,1513990.226546875,0.08477770224735748,
2021-04-08,1575415.648421875,0.04764541779590148,
2021-04-09,1573284.019515625,0.04893400887880672,
2021-04-10,1615086.242171875,0.0236641454412595,
2021-04-11,1626202.964828125,0.016943974944427787,
2021-04-12,1617792.148421875,0.02202839793628608,
2021-04-13,1715262.253890625,0.0,31 days
2021-04-14,1704630.687484375,0.006198216268174184,
2021-04-15,1710147.230453125,0.0029820649442369174,
2021-04-16,1663134.218734375,0.030390708498371666,
2021-04-17,1639132.062484375,0.044383995061728077,
2021-04-18,1518505.871078125,0.11470921275519796,
2021-04-19,1505224.085921875,0.12245250980853406,
2021-04-20,1525440.757796875,0.11066616528358242,
2021-04-21,1456133.339828125,0.1510724750543152,
2021-04-22,1398250.296859375,0.1848183601733152,
2021-04-23,1380197.527328125,0.19534314697504307,
2021-04-24,1352042.328109375,0.21175766268824514,
2021-04-25,1323783.769515625,0.22823243704397578,
2021-04-26,1459256.269515625,0.1492518032122011,
2021-04-27,1486563.078109375,0.1333319002750195,
2021-04-28,1480935.898421875,0.13661255294182673,
2021-04-29,1446656.867171875,0.15659727024802694,
2021-04-30,1559923.660140625,0.0905625908794151,
2021-05-01,1562026.285140625,0.08933675792283313,
2021-05-02,1529708.023421875,0.10817834418490158,
2021-05-03,1545076.824203125,0.09921831445977358,
2021-05-04,1440674.468734375,0.16008501588221813,
2021-05-05,1551117.124984375,0.0956968116880842,
2021-05-06,1523374.835921875,0.11187060027322548,
2021-05-07,1549291.777328125,0.09676099161282148,
2021-05-08,1588370.902328125,0.0739778137568643,
2021-05-09,1572941.457015625,0.08297319931816982,
2021-05-10,1508883.429671875,0.12031910790937861,
2021-05-11,1531692.417953125,0.10702143973676315,
2021-05-12,1327733.363265625,0.22592981903845422,
2021-05-13,1343006.082015625,0.21702580525551352,
2021-05-14,1347443.363265625,0.21443886483871422,
2021-05-15,1263193.976546875,0.2635563607362962,
2021-05-16,1254982.496078125,0.2683436639315506,
2021-05-17,1176181.730453125,0.3142846070417141,
2021-05-18,1159222.777328125,0.3241716975356215,
2021-05-19,999734.832015625,0.4171533654705062,
2021-05-20,1101802.847640625,0.3576475870430469,
2021-05-21,1007895.582015625,0.41239563820081926,
2021-05-22,1014157.999984375,0.4087446408361042,
2021-05-23,939474.628890625,0.4522851378792533,
2021-05-24,1045730.386703125,0.39033790061481366,
2021-05-25,1037528.925765625,0.3951193624110475,
2021-05-26,1061612.292953125,0.38107872977141866,
2021-05-27,1038467.070296875,0.3945724229974843,
2021-05-28,964504.261703125,0.43769283121843405,
2021-05-29,935302.707015625,0.45471737345462204,
2021-05-30,963978.394515625,0.437999412434401,
2021-05-31,1008656.011703125,0.4119523067593589,
2021-06-01,991161.910140625,0.42215138944937847,
2021-06-02,1015198.765609375,0.4081378731988876,
2021-06-03,1059305.585921875,0.3824235428027891,
2021-06-04,996817.882796875,0.41885395044643836,
2021-06-05,960571.753890625,0.43998548810141513,
2021-06-06,968953.144515625,0.4350991270764528,
2021-06-07,906808.003890625,0.4713298203620073,
2021-06-08,904429.999984375,0.4727161995590403,
2021-06-09,1008987.183578125,0.41175923314962437,
2021-06-10,991639.050765625,0.42187321587917503,
2021-06-11,1008697.671859375,0.41192801883711516,
2021-06-12,960586.835921875,0.4399766952586788,
2021-06-13,1056311.117171875,0.3841693217606178,
2021-06-14,1086567.781234375,0.3665296494633521,
2021-06-15,1091638.191390625,0.36357359411685963,
2021-06-16,1036039.601546875,0.395987640259156,
2021-06-17,1028113.519515625,0.4006085558149387,
2021-06-18,966924.558578125,0.4362817951686928,
2021-06-19,962297.433578125,0.4389794147248304,
2021-06-20,964522.929671875,0.43768194776973235,
2021-06-21,855939.63475,0.5009861420266644,
2021-06-22,878321.738265625,0.4879373481965331,
2021-06-23,911190.652328125,0.4687747309419731,
2021-06-24,936554.726546875,0.4539874445306863,
2021-06-25,854888.9550625,0.5015986895744908,
2021-06-26,869698.402328125,0.4929647636357408,
2021-06-27,936209.316390625,0.45418881907587116,
2021-06-28,930395.984359375,0.4575779987876406,
2021-06-29,969098.902328125,0.4350141500928054,
2021-06-30,946771.484359375,0.4480310621819662,
2021-07-01,907116.078109375,0.47115021271422564,
2021-07-02,915889.179671875,0.4660354837317622,
2021-07-03,936719.679671875,0.4538912766562835,
2021-07-04,953439.007796875,0.4441438878315853,
2021-07-05,911811.019515625,0.46841305610997996,
2021-07-06,925019.187484375,0.4607126779673427,
2021-07-07,914762.773421875,0.46669217995850243,
2021-07-08,888357.933578125,0.4820862340070058,
2021-07-09,913215.230453125,0.46759439940934133,
2021-07-10,905722.941390625,0.47196241313173615,
2021-07-11,925153.976546875,0.46063409577841263,
2021-07-12,895876.800765625,0.4777027252051037,
2021-07-13,883623.59959375,0.48484635653266417,
2021-07-14,886872.300765625,0.48295235976073836,
2021-07-15,858748.636703125,0.4993484904391281,
2021-07-16,849050.468734375,0.5050025342722225,
2021-07-17,852061.75975,0.5032469479128803,
2021-07-18,859182.7988125,0.4990953733963026,
2021-07-19,832750.378890625,0.5145055066642154,
2021-07-20,805467.300765625,0.5304115747089797,
2021-07-21,867657.63475,0.49415453363942163,
2021-07-22,873122.761703125,0.4909683579157218,
2021-07-23,907370.785140625,0.4710017182022801,
2021-07-24,926564.937484375,0.45981150381948643,
2021-07-25,955123.976546875,0.4431615489815477,
2021-07-26,1008782.363265625,0.4118786436432882,
2021-07-27,1064656.332015625,0.37930405126054056,
2021-07-28,1080558.382796875,0.37003313613069366,
2021-07-29,1080896.304671875,0.36983612726267157,
2021-07-30,1141028.679671875,0.3347788788077456,
2021-07-31,1124576.187484375,0.3443707019532627,
2021-08-01,1079991.066390625,0.3703638822920827,
2021-08-02,1059121.437484375,0.3825309015679472,
2021-08-03,1030799.386703125,0.3990426919469454,
2021-08-04,1073851.519515625,0.37394324565828174,
2021-08-05,1104146.890609375,0.35628100711427313,
2021-08-06,1156714.414046875,0.3256340764083334,
2021-08-07,1203675.535140625,0.2982556851522844,
2021-08-08,1183218.078109375,0.31018240771896344,
2021-08-09,1252534.777328125,0.26977068696808515,
2021-08-10,1231464.757796875,0.2820545342243622,
2021-08-11,1231697.105453125,0.2819190752554944,
2021-08-12,1200232.718734375,0.3002628513441836,
2021-08-13,1291088.562484375,0.2472937828860413,
2021-08-14,1272286.437484375,0.2582554448461015,
2021-08-15,1270938.019515625,0.25904157417745677,
2021-08-16,1242789.992171875,0.27545190867872826,
2021-08-17,1207443.617171875,0.2960588887016524,
2021-08-18,1210300.976546875,0.29439304467779026,
2021-08-19,1262043.523421875,0.264227076320686,
2021-08-20,1332826.660140625,0.22296042070683042,
2021-08-21,1321117.203109375,0.22978704853280296,
2021-08-22,1332353.527328125,0.22323625771742572,
2021-08-23,1338414.921859375,0.2197024572635876,
2021-08-24,1288734.078109375,0.24866645016747857,
2021-08-25,1322610.218734375,0.2289166185903183,
2021-08-26,1268108.820296875,0.26069100079565044,
2021-08-27,1325252.949203125,0.22737590348231917,
2021-08-28,1321033.777328125,0.22983568586570102,
2021-08-29,1319074.378890625,0.2309780175604933,
2021-08-30,1271153.492171875,0.25891595335430784,
2021-08-31,1274169.476546875,0.25715763076068754,
2021-09-01,1319538.652328125,0.2307073455764005,
2021-09-02,1332517.425765625,0.22314070472713032,
2021-09-03,1351354.039046875,0.21215893605675695,
2021-09-04,1349173.789046875,0.213430024483646,
2021-09-05,1398010.988265625,0.1849578773772922,
2021-09-06,1421774.363265625,0.17110380057585906,
2021-09-07,1264569.394515625,0.26275449037179055,
2021-09-08,1245136.460921875,0.2740839145165075,
2021-09-09,1253237.304671875,0.2693611126641229,
2021-09-10,1212534.488265625,0.29309090460347575,
2021-09-11,1221108.253890625,0.28809238871731746,
2021-09-12,1244377.191390625,0.27452656958544974,
2021-09-13,1214671.917953125,0.29184478047134854,
2021-09-14,1272166.203109375,0.25832554163434907,
2021-09-15,1301430.300765625,0.24126453677059012,
2021-09-16,1290819.617171875,0.2474505783334371,
2021-09-17,1276891.941390625,0.25557043041416627,
2021-09-18,1304184.722640625,0.23965870543561363,
2021-09-19,1276694.820296875,0.2556853522538458,
2021-09-20,1157451.535140625,0.3252043339056473,
2021-09-21,1099398.160140625,0.35904952280799796,
2021-09-22,1177180.624984375,0.3137022503035627,
2021-09-23,1212836.550765625,0.2929148017951064,
2021-09-24,1157342.164046875,0.32526809738758833,
2021-09-25,1154016.945296875,0.3272067040015084,
2021-09-26,1167299.468734375,0.3194629765292971,
2021-09-27,1141033.636703125,0.33477598885244064,
2021-09-28,1108601.574203125,0.35368392110970115,
2021-09-29,1122906.722640625,0.34534400200692106,
2021-09-30,1183023.066390625,0.31029609979042816,
2021-10-01,1299826.332015625,0.2421996525211768,
2021-10-02,1288879.097640625,0.24858190360270627,
2021-10-03,1302067.648421875,0.24089296230446733,
2021-10-04,1326717.277328125,0.22652219838755683,
2021-10-05,1391568.851546875,0.18871365099391413,
2021-10-06,1495428.042953125,0.1281636148867985,
2021-10-07,1453430.492171875,0.15264823855643816,
2021-10-08,1457800.800765625,0.15010034328046096,
2021-10-09,1484810.925765625,0.13435340724270084,
2021-10-10,1479501.523421875,0.13744879532793797,
2021-10-11,1552758.218734375,0.09474005201691582,
2021-10-12,1513777.496078125,0.11746586118564928,
2021-10-13,1550498.550765625,0.0960574412170947,
2021-10-14,1548350.046859375,0.09731002163234992,
2021-10-15,1663705.542953125,0.030057625777374253,
2021-10-16,1644757.765609375,0.04110420323267128,
2021-10-17,1662616.578109375,0.03069249361830062,
2021-10-18,1675373.023421875,0.02325547033887776,
2021-10-19,1735742.703109375,0.0,189 days
2021-10-20,1782475.484359375,0.0,
2021-10-21,1680343.554671875,0.05729780329865597,
2021-10-22,1639360.085921875,0.08029024785658467,
2021-10-23,1658296.578109375,0.0696665437138565,
2021-10-24,1645801.484359375,0.07667651039201862,
2021-10-25,1702744.167953125,0.0447306664836995,
2021-10-26,1630491.324203125,0.08526577868243357,
2021-10-27,1579693.355453125,0.11376432982422213,
2021-10-28,1637466.605453125,0.08135252359914869,
2021-10-29,1680823.964828125,0.05702828477766342,
2021-10-30,1671667.378890625,0.062165290036835796,
2021-10-31,1656280.753890625,0.07079745644530122,
2021-11-01,1647787.882796875,0.07556210603979607,
2021-11-02,1707781.777328125,0.04190447929672092,
2021-11-03,1700860.179671875,0.04578761694264355,
2021-11-04,1659879.136703125,0.06877870059475821,
2021-11-05,1651062.160140625,0.07372517903996878,
2021-11-06,1661910.886703125,0.06763885322079544,
2021-11-07,1710497.597640625,0.04038085648320655,
2021-11-08,1824973.273421875,0.0,19 days
2021-11-09,1808908.273421875,0.008802868641400785,
2021-11-10,1755540.136703125,0.0380461115403411,
2021-11-11,1754317.859359375,0.03871586235891511,
2021-11-12,1732879.332015625,0.050463172665302314,
2021-11-13,1741346.152328125,0.04582375112647363,
2021-11-14,1768273.589828125,0.031068774770293794,
2021-11-15,1716731.433578125,0.05931146577330071,
2021-11-16,1625022.558578125,0.10956364005749897,
2021-11-17,1630605.230453125,0.10650459697105841,
2021-11-18,1538106.605453125,0.15718951731872055,
2021-11-19,1569897.523421875,0.139769581130208,
2021-11-20,1612493.187484375,0.11642914941931948,
2021-11-21,1586391.781234375,0.13073149928390626,
2021-11-22,1520479.718734375,0.16684822683269562,
2021-11-23,1555033.917953125,0.14791414175759754,
2021-11-24,1520240.410140625,0.16697935674962927,
2021-11-25,1547085.265609375,0.15226963148422024,
2021-11-26,1447052.585921875,0.20708286143357502,
2021-11-27,1480676.023421875,0.18865879024871046,
2021-11-28,1546377.253890625,0.15265758879245106,
2021-11-29,1561446.207015625,0.14440050725352793,
2021-11-30,1539815.410140625,0.15625317227061153,
2021-12-01,1545874.273421875,0.152933198564975,
2021-12-02,1525569.957015625,0.16405901432455527,
2021-12-03,1447821.558578125,0.2066615003827318,
2021-12-04,1329087.898421875,0.2717219929857939,
2021-12-05,1333627.800765625,0.26923433883224146,
2021-12-06,1366399.789046875,0.2512768219970488,
2021-12-07,1369571.234359375,0.2495390182940097,
2021-12-08,1364298.429671875,0.2524282686541607,
2021-12-09,1287816.183578125,0.29433696244579277,
2021-12-10,1276238.140609375,0.3006811884886438,
2021-12-11,1333456.624984375,0.2693281351544907,
2021-12-12,1353323.984359375,0.2584417514115944,
2021-12-13,1262580.886703125,0.308164724880737,
2021-12-14,1259209.999984375,0.31001181314654447,
2021-12-15,1320880.425765625,0.2762193041386639,
2021-12-16,1287635.410140625,0.29443601783478546,
2021-12-17,1248126.816390625,0.3160848793964237,
2021-12-18,1265585.902328125,0.3065181168625464,
2021-12-19,1261758.335921875,0.30861544423823617,
2021-12-20,1266436.402328125,0.30605208264035455,
2021-12-21,1321957.472640625,0.27562913282454904,
2021-12-22,1313638.730453125,0.2801874144764782,
2021-12-23,1371851.468734375,0.24828955650286544,
2021-12-24,1372868.187484375,0.24773244217970958,
2021-12-25,1362275.117171875,0.2535369492740177,
2021-12-26,1372525.835921875,0.247920034824208,
2021-12-27,1367960.199203125,0.2504217902116659,
2021-12-28,1285568.011703125,0.29556885548649725,
2021-12-29,1254676.109359375,0.3124961731593895,
2021-12-30,1274478.289046875,0.3016455048367951,
2021-12-31,1250942.937484375,0.31454177674677797,
2022-01-01,1288212.851546875,0.2941196069510429,
2022-01-02,1278989.820296875,0.2991733967157042,
2022-01-03,1255038.078109375,0.3122978312136352,
2022-01-04,1239903.417953125,0.3205909171325715,
2022-01-05,1177032.019515625,0.35504150298669435,
2022-01-06,1166014.015609375,0.3610788538162717,
2022-01-07,1122732.277328125,0.38479522211140593,
2022-01-08,1127485.332015625,0.3821907704425944,
2022-01-09,1132282.156234375,0.37956233511775495,
2022-01-10,1129842.980453125,0.3808988893658489,
2022-01-11,1154537.011703125,0.36736771517846045,
2022-01-12,1187294.656234375,0.3494180580474119,
2022-01-13,1150641.312484375,0.36950237614883485,
2022-01-14,1164360.792953125,0.36198474251082235,
2022-01-15,1166458.671859375,0.36083520298780436,
2022-01-16,1164743.644515625,0.3617749577605054,
2022-01-17,1141433.785140625,0.37454767049798743,
2022-01-18,1144810.999984375,0.3726971147156457,
2022-01-19,1127765.773421875,0.3820371016681887,
2022-01-20,1099040.199203125,0.39777737284755166,
2022-01-21,985016.457015625,0.46025705068617684,
2022-01-22,946485.664046875,0.4813701231513443,
2022-01-23,980142.640609375,0.4629276741288487,
2022-01-24,990335.773421875,0.45734231407949977,
2022-01-25,998427.019515625,0.45290868964697384,
2022-01-26,995676.183578125,0.45441601908437557,
2022-01-27,1003401.242171875,0.4501830482752933,
2022-01-28,1020845.878890625,0.4406242032375023,
2022-01-29,1030399.765609375,0.43538912015004627,
2022-01-30,1024444.156234375,0.4386525155442337,
2022-01-31,1039713.289046875,0.43028574489894633,
2022-02-01,1046737.296859375,0.4264369171299074,
2022-02-02,998399.492171875,0.45292377334389755,
2022-02-03,1003843.156234375,0.4499409000373241,
2022-02-04,1121192.539046875,0.38563892667611066,
2022-02-05,1119580.343734375,0.3865223343051314,
2022-02-06,1145804.621078125,0.3721526568278395,
2022-02-07,1184356.613265625,0.35102796818228255,
2022-02-08,1191866.937484375,0.34691266176759306,
2022-02-09,1197816.429671875,0.3436526183060553,
2022-02-10,1176926.972640625,0.3550990637611615,
2022-02-11,1145683.226546875,0.37221917535335325,
2022-02-12,1141269.570296875,0.37463765255204906,
2022-02-13,1140001.835921875,0.37533231169772685,
2022-02-14,1150515.699203125,0.369571206352038,
2022-02-15,1204199.398421875,0.34015504996192736,
2022-02-16,1187639.117171875,0.34922930956406883,
2022-02-17,1095195.230453125,0.39988423589371047,
2022-02-18,1081505.281234375,0.40738568778789686,
2022-02-19,1083967.132796875,0.40603670827222205,
2022-02-20,1038316.144515625,0.4310513147577478,
2022-02-21,1001701.507796875,0.4511144232163701,
2022-02-22,1034391.652328125,0.4332017529283526,
2022-02-23,1007676.312484375,0.4478405096886957,
2022-02-24,1035649.367171875,0.4325125840171873,
2022-02-25,1059452.820296875,0.41946940499004026,
2022-02-26,1056507.921859375,0.4210830716011563,
2022-02-27,1018833.113265625,0.4417271046631357,
2022-02-28,1166886.242171875,0.36060091445397924,
2022-03-01,1198244.105453125,0.34341827198028807,
2022-03-02,1186620.078109375,0.3497876953099539,
2022-03-03,1146867.218734375,0.3715704030098109,
2022-03-04,1057384.261703125,0.4206028783531167,
2022-03-05,1064484.734359375,0.4167121514259565,
2022-03-06,1038008.492171875,0.43121989385325044,
2022-03-07,1028343.968734375,0.4365156006881121,
2022-03-08,1046575.191390625,0.4265257433451243,
2022-03-09,1134207.910140625,0.3785071120444663,
2022-03-10,1065480.359359375,0.4161665954912479,
2022-03-11,1048133.175765625,0.4256720407744128,
2022-03-12,1051077.230453125,0.4240588364988347,
2022-03-13,1022609.843734375,0.4396576330036037,
2022-03-14,1071671.269515625,0.41277426627393177,
2022-03-15,1062816.113265625,0.4176264777440737,
2022-03-16,1111555.015609375,0.3909198387737598,
2022-03-17,1106356.144515625,0.3937685769824032,
2022-03-18,1129300.132796875,0.38119634449253814,
2022-03-19,1139816.527328125,0.3754338521402356,
2022-03-20,1114360.167953125,0.3893827464861066,
2022-03-21,1109774.808578125,0.3918953089667627,
2022-03-22,1144356.746078125,0.3729460246108566,
2022-03-23,1158778.753890625,0.3650434388456095,
2022-03-24,1187614.121078125,0.34924300625437876,
2022-03-25,1198084.636703125,0.34350565339694894,
2022-03-26,1202191.273421875,0.34125540854210246,
2022-03-27,1264822.203109375,0.3069365883162778,
2022-03-28,1273125.019515625,0.3023870332476264,
2022-03-29,1282243.636703125,0.29739045750577875,
2022-03-30,1271360.843734375,0.3033537190654094,
2022-03-31,1230213.160140625,0.3259007252013387,
2022-04-01,1250273.316390625,0.3149086977880349,
2022-04-02,1239130.542953125,0.3210144164852775,
2022-04-03,1254915.207015625,0.3123651588263402,
2022-04-04,1259481.160140625,0.3098632300630555,
2022-04-05,1230680.703109375,0.3256445335214061,
2022-04-06,1167250.847640625,0.36040112770966903,
2022-04-07,1175272.800765625,0.35600547258319226,
2022-04-08,1142435.843734375,0.37399858925480245,
2022-04-09,1155786.605453125,0.3666829962468473,
2022-04-10,1140276.054671875,0.37518205264791293,
2022-04-11,1067760.277328125,0.41491730707593044,
2022-04-12,1084102.871078125,0.4059623300425642,
2022-04-13,1112170.636703125,0.3905825072069278,
2022-04-14,1078927.835921875,0.40879800727226234,
2022-04-15,1095612.464828125,0.3996556109702245,
2022-04-16,1092129.992171875,0.40156384311091786,
2022-04-17,1073026.648421875,0.4120315820242558,
2022-04-18,1102976.714828125,0.3956203463955319,
2022-04-19,1121243.164046875,0.3856111865438373,
2022-04-20,1117777.144515625,0.38751040314154184,
2022-04-21,1094907.722640625,0.40004177672824603,
2022-04-22,1073657.562484375,0.41168587062579964,
2022-04-23,1066810.636703125,0.4154376657238241,
2022-04-24,1066339.824203125,0.41569564895396605,
2022-04-25,1093043.246078125,0.4010634226830956,
2022-04-26,1029840.359359375,0.43569564861166654,
2022-04-27,1060179.183578125,0.41907139188386033,
2022-04-28,1074562.273421875,0.41119013134529847,
2022-04-29,1043134.167953125,0.4284112632525189,
2022-04-30,1018970.539046875,0.44165180176240215,
2022-05-01,1039334.445296875,0.4304933335554584,
2022-05-02,1040960.773421875,0.42960218180617793,
2022-05-03,1019931.148421875,0.4411254327525158,
2022-05-04,1072524.933578125,0.4123064982934729,
2022-05-05,988197.710921875,0.45851387233250973,
2022-05-06,973773.804671875,0.46641749835271706,
2022-05-07,959221.648421875,0.47439139937468344,
2022-05-08,920269.085921875,0.49573558181685307,
2022-05-09,818686.648421875,0.5513980065654249,
2022-05-10,838287.382796875,0.5406577208525015,
2022-05-11,781950.511703125,0.5715276913415032,
2022-05-12,784958.21678125,0.5698796096287855,
2022-05-13,791312.70896875,0.5663976451090613,
2022-05-14,813403.085921875,0.554293151703684,
2022-05-15,845906.972640625,0.5364825419856554,
2022-05-16,806967.699203125,0.5578194426431033,
2022-05-17,822167.0644375,0.5494909013676051,
2022-05-18,776116.244125,0.5747245971061479,
2022-05-19,819155.931625,0.5511408613184454,
2022-05-20,789088.900375,0.5676161882111093,
2022-05-21,795339.031234375,0.5641914088182276,
2022-05-22,819409.425765625,0.551001958385281,
2022-05-23,786339.488265625,0.5691227374572907,
2022-05-24,801369.734359375,0.5608868655611681,
2022-05-25,798852.66990625,0.5622660991586035,
2022-05-26,790883.9785,0.566632569354251,
2022-05-27,773613.417953125,0.5760960287913814,
2022-05-28,778671.22459375,0.5733245873054786,
2022-05-29,795709.753890625,0.5639882701412677,
2022-05-30,857281.460921875,0.5302498543913201,
2022-05-31,859061.2988125,0.5292745864701149,
2022-06-01,805244.07615625,0.5587639074590965,
2022-06-02,823291.097640625,0.5488749837432241,
2022-06-03,802687.460921875,0.5601648130348704,
2022-06-04,806157.593734375,0.5582633425514186,
2022-06-05,808148.791,0.5571722595779725,
2022-06-06,847677.054671875,0.5355126198191071,
2022-06-07,841866.83396875,0.538696349020922,
2022-06-08,816456.511703125,0.552620017184007,
2022-06-09,813692.8613125,0.5541343683423903,
2022-06-10,785931.640609375,0.5693462188979176,
2022-06-11,766410.7988125,0.5800427272145972,
2022-06-12,723260.421859375,0.6036871156456765,
2022-06-13,607828.4081875,0.6669384603930089,
2022-06-14,600252.324203125,0.6710898000836827,
2022-06-15,610135.589828125,0.6656742327606233,
2022-06-16,550973.47459375,0.6980923049022743,
2022-06-17,553398.9394375,0.696763263606671,
2022-06-18,514145.26365625,0.7182724420439246,
2022-06-19,555607.244125,0.6955532159201318,
2022-06-20,556856.416,0.6948687281562875,
2022-06-21,559855.050765625,0.6932256165506022,
2022-06-22,540318.7050625,0.7039306202827904,
2022-06-23,569987.59178125,0.687673457972068,
2022-06-24,573923.632796875,0.6855166915837883,
2022-06-25,581232.03709375,0.6815120278425097,
2022-06-26,568405.8769375,0.6885401637297826,
2022-06-27,560526.83396875,0.6928575107745294,
2022-06-28,548246.05271875,0.6995868045284994,
2022-06-29,543477.546859375,0.7021997227168486,
2022-06-30,534856.531234375,0.7069236360752262,
2022-07-01,520941.828109375,0.7145482425983177,
2022-07-02,520209.82225,0.7149493475734072,
2022-07-03,521689.9706875,0.714138295456066,
2022-07-04,546912.980453125,0.7003172657823924,
2022-07-05,545802.025375,0.7009260172059363,
2022-07-06,555471.558578125,0.6956275652538184,
2022-07-07,584883.78709375,0.6795110396345274,
2022-07-08,587409.078109375,0.6781272982655977,
2022-07-09,583658.503890625,0.6801824375234552,
2022-07-10,563901.042953125,0.6910086020625414,
2022-07-11,539873.94334375,0.7041743289032001,
2022-07-12,522414.593734375,0.7137412359169331,
2022-07-13,546394.917953125,0.7006011398026561,
2022-07-14,556056.7519375,0.6953069066623215,
2022-07-15,563249.773421875,0.6913654673058492,
2022-07-16,572807.457015625,0.6861283037084728,
2022-07-17,561711.195296875,0.6922085361591893,
2022-07-18,607782.52928125,0.6669635998878816,
2022-07-19,632183.621078125,0.6535929428200538,
2022-07-20,627925.6894375,0.655926090216038,
2022-07-21,626113.894515625,0.6569188690957406,
2022-07-22,613973.33396875,0.6635713284625078,
2022-07-23,607236.83396875,0.6672626153970111,
2022-07-24,611116.343734375,0.66513682548977,
2022-07-25,577434.8456875,0.6835927111388356,
2022-07-26,574142.269515625,0.6853968888875328,
2022-07-27,619793.73240625,0.660382022338267,
2022-07-28,644453.855453125,0.6468694282603075,
2022-07-29,643393.999984375,0.6474501794878379,
2022-07-30,639386.503890625,0.6496460999169825,
2022-07-31,630765.119125,0.654370215547158,
2022-08-01,630152.292953125,0.6547060156275208,
2022-08-02,621078.078109375,0.6596782609616871,
2022-08-03,617524.624984375,0.6616253870795054,
2022-08-04,611704.753890625,0.6648144042440349,
2022-08-05,629480.40428125,0.6550741791955359,
2022-08-06,620623.4550625,0.6599273731286958,
2022-08-07,626417.960921875,0.6567522549262741,
2022-08-08,643525.04490625,0.6473783729996095,
2022-08-09,626105.50975,0.6569234635551484,
2022-08-10,647255.26365625,0.6453343875866036,
2022-08-11,647522.2050625,0.6451881161808041,
2022-08-12,659545.00975,0.6386001815175435,
2022-08-13,660118.75975,0.6382857933517793,
2022-08-14,657290.931625,0.6398353109070132,
2022-08-15,652367.175765625,0.6425332988343337,
2022-08-16,645517.77146875,0.646286452043001,
2022-08-17,630740.8613125,0.6543835076938724,
2022-08-18,627412.847640625,0.656207103535161,
2022-08-19,564362.837875,0.6907555600434607,
2022-08-20,572152.5488125,0.6864871627737879,
2022-08-21,582090.183578125,0.6810418037045058,
2022-08-22,578439.43553125,0.6830422428890368,
2022-08-23,581927.28709375,0.6811310633592895,
2022-08-24,578334.441390625,0.6830997747675329,
2022-08-25,583893.3300625,0.6800537637640666,
2022-08-26,547689.441390625,0.6998918015036504,
2022-08-27,541795.847640625,0.703121215235803,
2022-08-28,530322.90428125,0.7094078516082156,
2022-08-29,548714.75584375,0.6993299771372022,
2022-08-30,535182.746078125,0.7067448855978901,
2022-08-31,542012.5331875,0.703002481690479,
2022-09-01,544101.710921875,0.7018577100026954,
2022-09-02,539852.744125,0.7041859450835894,
2022-09-03,536135.28709375,0.7062229376715848,
2022-09-04,540310.16209375,0.7039353014301115,
2022-09-05,535602.933578125,0.7065146425000215,
2022-09-06,509285.949203125,0.7209351190945389,
2022-09-07,521507.667953125,0.7142381888282211,
2022-09-08,522574.431625,0.7136536522284742,
2022-09-09,577960.027328125,0.683304936162471,
2022-09-10,586043.468734375,0.6788755883336706,
2022-09-11,588438.82225,0.6775630466375757,
2022-09-12,604671.042953125,0.6686685488717595,
2022-09-13,548680.003890625,0.699349019582169,
2022-09-14,547178.339828125,0.7001718612557264,
2022-09-15,532601.609359375,0.7081592278002338,
2022-09-16,534528.681625,0.7071032823276672,
2022-09-17,544113.4706875,0.701851266201136,
2022-09-18,524995.57225,0.7123269804025026,
2022-09-19,528360.394515625,0.7104832151733735,
2022-09-20,510720.218734375,0.7201492064720704,
2022-09-21,501448.72459375,0.7252295516341891,
2022-09-22,524834.785140625,0.7124150842184416,
2022-09-23,521705.1581875,0.7141299734163841,
2022-09-24,511968.230453125,0.7194653544195908,
2022-09-25,508325.550765625,0.7214613725205408,
2022-09-26,519681.054671875,0.7152390874758079,
2022-09-27,516653.679671875,0.7168979473857526,
2022-09-28,525190.37303125,0.7122202386851926,
2022-09-29,529141.285140625,0.7100553236330576,
2022-09-30,525327.218734375,0.7121452536401413,
2022-10-01,522095.49803125,0.7139160854381683,
2022-10-02,514859.8144375,0.7178809016352751,
2022-10-03,530505.57615625,0.7093077559642627,
2022-10-04,549763.695296875,0.6987552073756933,
2022-10-05,545008.2675625,0.7013609593632051,
2022-10-06,539465.88475,0.7043979259277114,
2022-10-07,528433.8535,0.7104429630856062,
2022-10-08,524916.25975,0.7123704399430641,
2022-10-09,525722.410140625,0.7119287072325826,
2022-10-10,517488.992171875,0.7164402352032427,
2022-10-11,515057.199203125,0.7177727440153803,
2022-10-12,517919.937484375,0.7162040973272661,
2022-10-13,524007.3300625,0.7128684909012548,
2022-10-14,518681.632796875,0.7157867239204371,
2022-10-15,515495.05271875,0.7175328207671872,
2022-10-16,520907.445296875,0.7145670827714867,
2022-10-17,528539.374984375,0.710385142247399,
2022-10-18,522698.14646875,0.7135858622802314,
2022-10-19,517436.363265625,0.7164690733824186,
2022-10-20,515119.900375,0.7177383867057209,
2022-10-21,518325.570296875,0.7159818295174261,
2022-10-22,519290.02928125,0.7154533511016482,
2022-10-23,528978.124984375,0.7101447277676969,
2022-10-24,522999.36521875,0.713420808493205,
2022-10-25,543257.0644375,0.702320536772093,
2022-10-26,561470.832015625,0.6923402439955453,
2022-10-27,548386.484359375,0.6995098545574121,
2022-10-28,556743.406234375,0.6949306522223935,
2022-10-29,562767.781234375,0.6916295764818682,
2022-10-30,557830.20896875,0.6943351351536218,
2022-10-31,554054.796859375,0.6964038844138758,
2022-11-01,553771.296859375,0.6965592291546064,
2022-11-02,544975.519515625,0.7013789037612694,
2022-11-03,546338.597640625,0.7006320006998101,
2022-11-04,571644.136703125,0.6867657488313368,
2022-11-05,575301.582015625,0.6847616398584738,
2022-11-06,565684.04490625,0.6900316003830693,
2022-11-07,556944.957015625,0.6948202118207802,
2022-11-08,501283.244125,0.7253202271915575,
2022-11-09,429449.9814296875,0.7646814955133797,
2022-11-10,475511.744125,0.7394418038608299,
2022-11-11,460594.824203125,0.7476155783150198,
2022-11-12,454246.9238125,0.7510939308383544,
2022-11-13,442209.775375,0.7576897252057591,
2022-11-14,449360.292953125,0.7537715760020078,
2022-11-15,456553.472640625,0.7498300499576223,
2022-11-16,450743.77928125,0.7530134901997261,
2022-11-17,451231.88865625,0.7527460290910574,
2022-11-18,451508.902328125,0.7525942385547744,
2022-11-19,451880.679671875,0.7523905219583921,
2022-11-20,440548.378890625,0.758600092775833,
2022-11-21,426925.5868984375,0.7660647456508005,
2022-11-22,437792.691390625,0.7601100806425775,
2022-11-23,449158.003890625,0.7538824209472167,
2022-11-24,448989.464828125,0.7539747724709099,
2022-11-25,446758.6425625,0.7551971587371166,
2022-11-26,445204.507796875,0.7560487519019364,
2022-11-27,444673.84178125,0.7563395320592973,
2022-11-28,438536.61521875,0.7597024451780152,
2022-11-29,444683.4394375,0.7563342729925538,
2022-11-30,464220.207015625,0.7456290380925966,
2022-12-01,458781.499984375,0.7486091951778849,
2022-12-02,462062.738265625,0.746811230062978,
2022-12-03,457191.29490625,0.7494805531869495,
2022-12-04,463192.04490625,0.7461924228414851,
2022-12-05,458989.2206875,0.748495373947651,
2022-12-06,462085.519515625,0.7467987470034549,
2022-12-07,455568.34178125,0.7503698555940784,
2022-12-08,465972.7285,0.7446687382844306,
2022-12-09,463264.027328125,0.746152979840909,
2022-12-10,463144.4785,0.7462184870074335,
2022-12-11,462482.13475,0.7465814204046762,
2022-12-12,465242.726546875,0.7450687452126177,
2022-12-13,480764.50975,0.7365635339697039,
2022-12-14,481691.47459375,0.736055600589391,
2022-12-15,469520.275375,0.7427248485153777,
2022-12-16,450150.992171875,0.753338309811064,
2022-12-17,454136.3925625,0.7511544967938177,
2022-12-18,453134.281234375,0.751703606932974,
2022-12-19,444540.265609375,0.7564127255541393,
2022-12-20,457139.140609375,0.7495091313023853,
2022-12-21,454742.363265625,0.7508224531897003,
2022-12-22,455088.1425625,0.7506329823070793,
2022-12-23,454186.648421875,0.7511269589333422,
2022-12-24,455558.32225,0.7503753458285909,
2022-12-25,455402.54490625,0.7504607045272735,
2022-12-26,457503.640609375,0.7493094023500173,
2022-12-27,452032.60740625,0.752307272665601,
2022-12-28,447588.36521875,0.7547425095275453,
2022-12-29,450012.1425625,0.7534143929030177,
2022-12-30,448938.734359375,0.7540025703951255,
2022-12-31,447451.308578125,0.7548176101564811,
2023-01-01,449546.07615625,0.753669775495759,
2023-01-02,451257.62303125,0.7527319278571518,
2023-01-03,451025.0644375,0.7528593590897823,
2023-01-04,455976.347640625,0.7501462874655381,
2023-01-05,455260.79490625,0.7505383768976388,
2023-01-06,458372.070296875,0.7488335434976454,
2023-01-07,458456.023421875,0.7487875411116255,
2023-01-08,462129.816390625,0.7467744743877158,
2023-01-09,464975.890609375,0.745214958826475,
2023-01-10,471718.824203125,0.7415201465834953,
2023-01-11,484911.119125,0.7342913859687499,
2023-01-12,510147.78709375,0.7204628722385567,
2023-01-13,538227.417953125,0.7050765478094188,
2023-01-14,567028.98240625,0.6892946375356747,
2023-01-15,564450.48240625,0.6907075349394625,
2023-01-16,572248.999984375,0.6864343120426128,
2023-01-17,572029.941390625,0.6865543459066372,
2023-01-18,559266.007796875,0.6935483845479907,
2023-01-19,570012.324203125,0.6876599057616135,
2023-01-20,612935.837875,0.6641398277982842,
2023-01-21,615664.789046875,0.6626444901888966,
2023-01-22,614120.14646875,0.6634908820789152,
2023-01-23,619898.56834375,0.6603245771476844,
2023-01-24,611853.570296875,0.6647328598135398,
2023-01-25,624851.117171875,0.6576108120201334,
2023-01-26,622553.902328125,0.6588695783139775,
2023-01-27,623794.58396875,0.6581897428014833,
2023-01-28,622508.339828125,0.6588945444330235,
2023-01-29,642582.207015625,0.6478950040672291,
2023-01-30,617352.6581875,0.6617196168413213,
2023-01-31,625429.56053125,0.6572938521129394,
2023-02-01,641210.691390625,0.6486465304840672,
2023-02-02,634409.433578125,0.6523733016711035,
2023-02-03,633800.61521875,0.6527069056576613,
2023-02-04,630628.800765625,0.6544449116324982,
2023-02-05,620471.89646875,0.660010420149689,
2023-02-06,615191.867171875,0.6629036292578832,
2023-02-07,628804.77146875,0.6554443943775002,
2023-02-08,620032.671859375,0.6602510946931313,
2023-02-09,589782.968734375,0.6768265172297478,
2023-02-10,585250.871078125,0.6793098947795748,
2023-02-11,591182.539046875,0.676059618156275,
2023-02-12,588950.398421875,0.6772827268217596,
2023-02-13,589487.656234375,0.6769883346680089,
2023-02-14,600630.640609375,0.6708825003868818,
2023-02-15,656980.6425625,0.6400053348010718,
2023-02-16,638502.7285,0.6501303674969499,
2023-02-17,663940.156234375,0.6361918468047102,
2023-02-18,665983.402328125,0.6350722435077705,
2023-02-19,657515.26365625,0.639712387445877,
2023-02-20,671055.921859375,0.632292740045926,
2023-02-21,660450.45896875,0.6381040376934468,
2023-02-22,653767.695296875,0.6417658796333808,
2023-02-23,647251.203109375,0.6453366125763798,
2023-02-24,627018.34178125,0.6564232742950951,
2023-02-25,626404.039046875,0.6567598834626491,
2023-02-26,636821.66209375,0.6510515132642507,
2023-02-27,635786.433578125,0.6516187700732691,
2023-02-28,625647.45896875,0.6571744539602797,
2023-03-01,639125.785140625,0.6497889615981901,
2023-03-02,634506.5175625,0.6523201041882751,
2023-03-03,604461.265609375,0.6687834970448672,
2023-03-04,604209.3535,0.668921533098898,
2023-03-05,606427.7831875,0.6677059373859042,
2023-03-06,606272.374984375,0.6677910938127891,
2023-03-07,600602.691390625,0.6708978152515743,
2023-03-08,587057.07615625,0.6783201788728106,
2023-03-09,550470.494125,0.6983679146747981,
2023-03-10,545724.50584375,0.7009684942834797,
2023-03-11,557743.988265625,0.6943823800663997,
2023-03-12,599095.542953125,0.671723662106128,
2023-03-13,654002.31053125,0.6416373214578767,
2023-03-14,668812.917953125,0.6335218012814607,
2023-03-15,658819.859359375,0.6389975300163877,
2023-03-16,677094.218734375,0.6289840357690254,
2023-03-17,741115.015609375,0.5939036333284136,
2023-03-18,728747.644515625,0.6006803742669595,
2023-03-19,757713.160140625,0.5848086264190094,
2023-03-20,750384.29490625,0.5888245017970817,
2023-03-21,761415.957015625,0.5827796669109848,
2023-03-22,737969.726546875,0.5956271046297783,
2023-03-23,765686.175765625,0.5804397867537301,
2023-03-24,742987.613265625,0.5928775373940118,
2023-03-25,743026.003890625,0.5928565011270379,
2023-03-26,756515.82615625,0.5854647094432446,
2023-03-27,733445.9081875,0.5981059455121396,
2023-03-28,736908.44725,0.5962086360485288,
2023-03-29,766076.832015625,0.5802257253996876,
2023-03-30,757575.101546875,0.5848842760713964,
2023-03-31,769587.992171875,0.5783017738507061,
2023-04-01,767766.863265625,0.5792996673172967,
2023-04-02,762050.246078125,0.582432106170377,
2023-04-03,751004.87303125,0.5884844540089647,
2023-04-04,761207.339828125,0.5828939793727279,
2023-04-05,761474.492171875,0.5827475923830439,
2023-04-06,757860.710921875,0.5847277754918212,
2023-04-07,754667.117171875,0.5864777155027299,
2023-04-08,755259.3769375,0.5861531848511031,
2023-04-09,765661.285140625,0.5804534256520979,
2023-04-10,801299.386703125,0.5609254127866395,
2023-04-11,817015.496078125,0.5523137198901558,
2023-04-12,814423.337875,0.5537341013504631,
2023-04-13,821443.707015625,0.5498872674034314,
2023-04-14,823782.792953125,0.5486055577085194,
2023-04-15,819268.308578125,0.5510792840039929,
2023-04-16,819183.511703125,0.5511257487255508,
2023-04-17,795685.1269375,0.5640017645597798,
2023-04-18,821402.837875,0.5499096617810478,
2023-04-19,778881.265609375,0.5732094946525155,
2023-04-20,763310.597640625,0.5817414924606559,
2023-04-21,737145.488265625,0.5960787486583532,
2023-04-22,751741.414046875,0.588080863980359,
2023-04-23,745636.30271875,0.591426179452666,
2023-04-24,743853.089828125,0.5924032967160227,
2023-04-25,764974.050765625,0.5808299979477083,
2023-04-26,768081.8456875,0.5791270716818085,
2023-04-27,796461.166,0.5635765314488067,
2023-04-28,792855.980453125,0.5655520045142917,
2023-04-29,790378.097640625,0.5669097684051864,
2023-04-30,790926.69334375,0.5666091636176454,
2023-05-01,759141.25975,0.5840260946251616,
2023-05-02,775043.416,0.5753124567425734,
2023-05-03,783839.246078125,0.5704927532399393,
2023-05-04,779557.109359375,0.5728391638866667,
2023-05-05,798097.30271875,0.5626800050488983,
2023-05-06,781093.7363125,0.5719971641842581,
2023-05-07,768953.33396875,0.5786495368631117,
2023-05-08,748414.296859375,0.5899039685901385,
2023-05-09,747455.84959375,0.590429152865209,
2023-05-10,746456.32225,0.5909768471017803,
2023-05-11,729690.218734375,0.6001638876791955,
2023-05-12,724403.650375,0.6030606798878083,
2023-05-13,723839.023421875,0.6033700690505692,
2023-05-14,727796.1581875,0.6012017442738423,
2023-05-15,734871.63475,0.5973247140369922,
2023-05-16,730658.47459375,0.5996333287534972,
2023-05-17,740436.587875,0.5942753799968472,
2023-05-18,725138.556625,0.6026579856343073,
2023-05-19,726702.394515625,0.6018010756108017,
2023-05-20,733167.734359375,0.5982583717597874,
2023-05-21,723022.2206875,0.6038176387472165,
2023-05-22,725653.402328125,0.6023758742682818,
2023-05-23,735763.531234375,0.5968359964774728,
2023-05-24,711709.00975,0.6100167492231128,
2023-05-25,715526.503890625,0.6079249409779064,
2023-05-26,722089.77146875,0.6043285773085258,
2023-05-27,726114.45896875,0.6021232367927967,
2023-05-28,758981.369125,0.5841137072095917,
2023-05-29,749807.80271875,0.5891403925533443,
2023-05-30,748632.3535,0.5897844837495654,
2023-05-31,735599.68553125,0.5969257762597364,
2023-06-01,724808.175765625,0.6028390188933618,
2023-06-02,736407.839828125,0.5964829455023524,
2023-06-03,731697.394515625,0.5990640492265006,
2023-06-04,732883.707015625,0.598414005460229,
2023-06-05,696191.550765625,0.6185195909963949,
2023-06-06,736116.06053125,0.5966428269105486,
2023-06-07,712010.8613125,0.609851348684433,
2023-06-08,716390.7675625,0.6074513649072528,
2023-06-09,715639.039046875,0.6078632769755405,
2023-06-10,698652.400375,0.6171711605041714,
2023-06-11,701053.449203125,0.6158554980431957,
2023-06-12,700036.414046875,0.6164127857421783,
2023-06-13,700474.58396875,0.6161726891181585,
2023-06-14,679035.160140625,0.6279204906560547,
2023-06-15,691231.566390625,0.6212374304558737,
2023-06-16,711510.41209375,0.6101255714503433,
2023-06-17,716457.160140625,0.6074149848796152,
2023-06-18,711746.66209375,0.6099961174997344,
2023-06-19,725646.7050625,0.6023795440566138,
2023-06-20,765511.097640625,0.5805357213778422,
2023-06-21,811405.929671875,0.5553874999218664,
2023-06-22,808300.507796875,0.5570891258690658,
2023-06-23,829446.570296875,0.5455020726184994,
2023-06-24,825483.687484375,0.5476735470560781,
2023-06-25,823635.980453125,0.548686004092112,
2023-06-26,817989.44725,0.5517800401995765,
2023-06-27,829249.343734375,0.5456101435504808,
2023-06-28,812997.558578125,0.5545153617215817,
2023-06-29,822693.406234375,0.549202490679876,
2023-06-30,823554.71678125,0.548730532783605,
2023-07-01,826601.023421875,0.547061299220029,
2023-07-02,827429.691390625,0.5466072279298799,
2023-07-03,841892.77928125,0.538682132203132,
2023-07-04,831663.628890625,0.5442872282007545,
2023-07-05,824551.39646875,0.5481843989294739,
2023-07-06,808221.03709375,0.5571326720975407,
2023-07-07,819910.085921875,0.5507276200354863,
2023-07-08,818567.52146875,0.5514632825641805,
2023-07-09,815292.242171875,0.5532579824343511,
2023-07-10,821859.62303125,0.5496593648792234,
2023-07-11,827434.5956875,0.546604540604566,
2023-07-12,821243.369125,0.5499970431977088,
2023-07-13,850522.23240625,0.5339535954893753,
2023-07-14,819688.75975,0.5508488964262688,
2023-07-15,818655.69334375,0.5514149685004712,
2023-07-16,817395.499984375,0.552105495522279,
2023-07-17,814607.9081875,0.5536329654515499,
2023-07-18,806796.101546875,0.5579134701331214,
2023-07-19,808344.85740625,0.5570648243573555,
2023-07-20,805053.335921875,0.5588684241866304,
2023-07-21,808205.00584375,0.5571414564727606,
2023-07-22,804507.587875,0.5591674685917312,
2023-07-23,812951.468734375,0.5545406168003388,
2023-07-24,788445.64646875,0.5679686612668071,
2023-07-25,789808.460921875,0.5672219026852034,
2023-07-26,793253.175765625,0.5653343600598306,
2023-07-27,789357.52928125,0.5674689921342339,
2023-07-28,792288.558578125,0.5658629251635219,
2023-07-29,793305.699203125,0.565305579672597,
2023-07-30,791102.246078125,0.5665129689297934,
2023-07-31,789881.91990625,0.5671816505974361,
2023-08-01,801913.6894375,0.5605888036190855,
2023-08-02,787771.806625,0.5683378939857535,
2023-08-03,788493.265609375,0.5679425682048875,
2023-08-04,785669.3925625,0.5694899185622876,
2023-08-05,784806.34178125,0.5699628300256054,
2023-08-06,784799.011703125,0.5699668465655909,
2023-08-07,788544.523421875,0.5679144813209607,
2023-08-08,804337.203109375,0.5592608314744135,
2023-08-09,798829.25584375,0.5622789289697798,
2023-08-10,795267.8925625,0.5642303894832658,
2023-08-11,794407.214828125,0.5647020006278833,
2023-08-12,794899.964828125,0.5644319966737563,
2023-08-13,791307.593734375,0.5664004480182597,
2023-08-14,794696.88475,0.564543275058532,
2023-08-15,788268.300765625,0.5680658384176771,
2023-08-16,775616.9550625,0.5749981841606935,
2023-08-17,720611.785140625,0.6051384446910513,
2023-08-18,704006.94334375,0.6142371213887874,
2023-08-19,705266.45115625,0.6135469700146041,
2023-08-20,707787.681625,0.6121654536354504,
2023-08-21,706020.710921875,0.6131336709397027,
2023-08-22,703523.632796875,0.6145019529640843,
2023-08-23,714323.210921875,0.6085842892468779,
2023-08-24,707052.9863125,0.6125680323050671,
2023-08-25,703955.949203125,0.6142650637928586,
2023-08-26,702897.41209375,0.6148450926211111,
2023-08-27,705090.63475,0.6136433091823117,
2023-08-28,705534.97459375,0.6133998317296709,
2023-08-29,749308.51365625,0.5894139796078899,
2023-08-30,737695.085921875,0.5957775948473609,
2023-08-31,700818.675765625,0.6159841429066133,
2023-09-01,697288.4785,0.6179185259011684,
2023-09-02,699126.48240625,0.6169113857238202,
2023-09-03,701847.207015625,0.6154205558859269,
2023-09-04,697604.14646875,0.6177455546180558,
2023-09-05,696728.4394375,0.6182254011144421,
2023-09-06,696006.29490625,0.6186211025429326,
2023-09-07,709154.187484375,0.6114166723358685,
2023-09-08,700121.5800625,0.6163661187488227,
2023-09-09,699852.212875,0.6165137193692936,
2023-09-10,698139.031234375,0.6174524627830056,
2023-09-11,680060.5800625,0.6273586084976643,
2023-09-12,698169.195296875,0.617435934287526,
2023-09-13,708833.667953125,0.611592302048324,
2023-09-14,717240.10740625,0.6069859663964257,
2023-09-15,719103.63475,0.6059648405690561,
2023-09-16,718012.507796875,0.6065627271074596,
2023-09-17,717091.976546875,0.6070671351792962,
2023-09-18,723034.507796875,0.603810905985946,
2023-09-19,735369.078109375,0.5970521383414357,
2023-09-20,733233.124984375,0.5982225407556009,
2023-09-21,717994.999984375,0.6065723205698708,
2023-09-22,718317.25975,0.6063957372903684,
2023-09-23,718312.460921875,0.6063983668237402,
2023-09-24,709603.2206875,0.6111706231417984,
2023-09-25,710727.886703125,0.6105543587657639,
2023-09-26,708534.664046875,0.6117561422045634,
2023-09-27,712192.2675625,0.609751946543787,
2023-09-28,730250.679671875,0.599856781298153,
2023-09-29,727285.37303125,0.6014816306500916,
2023-09-30,728802.64646875,0.6006502357690833,
2023-10-01,756230.164046875,0.585621238918791,
2023-10-02,744000.113265625,0.5923227347485455,
2023-10-03,741278.33396875,0.5938141425058611,
2023-10-04,751252.566390625,0.5883487296326232,
2023-10-05,740898.541,0.5940222512898532,
2023-10-06,755227.050765625,0.5861708980813984,
2023-10-07,755827.589828125,0.5858418307623061,
2023-10-08,754916.339828125,0.586341153143226,
2023-10-09,745428.212875,0.5915402029546977,
2023-10-10,740226.441390625,0.5943905304417527,
2023-10-11,726248.562484375,0.6020497543382435,
2023-10-12,723102.48240625,0.6037736590791749,
2023-10-13,725953.039046875,0.6022116873603891,
2023-10-14,725935.003890625,0.6022215697825115,
2023-10-15,733979.527328125,0.5978135471803961,
2023-10-16,770694.5175625,0.5776954496887362,
2023-10-17,767894.1113125,0.5792299413389888,
2023-10-18,765534.1425625,0.5805230938384636,
2023-10-19,776103.69334375,0.574731474347274,
2023-10-20,802108.542953125,0.5604820330058042,
2023-10-21,808466.041,0.5569984214157263,
2023-10-22,810504.119125,0.5558816499239562,
2023-10-23,893997.242171875,0.5101313234600935,
2023-10-24,916010.152328125,0.49806927823628844,
2023-10-25,932245.062484375,0.4891733067759453,
2023-10-26,922898.421859375,0.49429482869690733,
2023-10-27,916233.535140625,0.49794687490263245,
2023-10-28,921087.417953125,0.49528717413704326,
2023-10-29,933207.886703125,0.4886457241352721,
2023-10-30,932232.722640625,0.48918006843318695,
2023-10-31,936699.007796875,0.4867327530553154,
2023-11-01,957474.769515625,0.4753486073139397,
2023-11-02,944001.453109375,0.48273135455877314,
2023-11-03,938441.667953125,0.4857778567937485,
2023-11-04,947888.187484375,0.4806016059034889,
2023-11-05,947001.511703125,0.48108746276186765,
2023-11-06,946677.933578125,0.481264768440648,
2023-11-07,957645.101546875,0.4752552733272285,
2023-11-08,963361.402328125,0.47212300784997474,
2023-11-09,991383.289046875,0.456768324509211,
2023-11-10,1008146.070296875,0.4475831043779762,
2023-11-11,1003396.285140625,0.45018576449657843,
2023-11-12,1001140.941390625,0.4514215873893549,
2023-11-13,986232.511703125,0.4595907095921947,
2023-11-14,960185.210921875,0.4738634121904145,
2023-11-15,1023444.628890625,0.4392002097808051,
2023-11-16,976847.691390625,0.46473315219624634,
2023-11-17,988779.371078125,0.4581951497710778,
2023-11-18,988482.898421875,0.4583576029207034,
2023-11-19,1010105.679671875,0.44650933009122973,
2023-11-20,1012546.753890625,0.44517173558817547,
2023-11-21,967641.851546875,0.4697775218743232,
2023-11-22,1011342.089828125,0.4458318351523961,
2023-11-23,1007488.683578125,0.4479433215539338,
2023-11-24,1019116.507796875,0.4415718177143474,
2023-11-25,1021182.324203125,0.4404398469417692,
2023-11-26,1012605.183578125,0.44513971885217674,
2023-11-27,1006531.449203125,0.4484678412216685,
2023-11-28,1022108.234359375,0.43993249148087854,
2023-11-29,1022848.203109375,0.43952702321415016,
2023-11-30,1018913.058578125,0.4416832983709208,
2023-12-01,1045265.164046875,0.4272435770596388,
2023-12-02,1066529.878890625,0.41559150787405663,
2023-12-03,1080085.460921875,0.40816368291427907,
2023-12-04,1134131.550765625,0.3785489534106452,
2023-12-05,1190846.421859375,0.34747185660066937,
2023-12-06,1181822.937484375,0.3524163040106201,
2023-12-07,1169570.843734375,0.35912987835630183,
2023-12-08,1193167.156234375,0.34620020270370655,
2023-12-09,1181270.492171875,0.3527190182040527,
2023-12-10,1182720.792953125,0.3519243212063643,
2023-12-11,1114252.378890625,0.3894418098510719,
2023-12-12,1119824.925765625,0.38638831479108593,
2023-12-13,1158718.953109375,0.3650762068768574,
2023-12-14,1162316.175765625,0.3631050971030111,
2023-12-15,1132772.374984375,0.3792937181702416,
2023-12-16,1141152.078109375,0.3747020327757,
2023-12-17,1117514.843734375,0.387654131701883,
2023-12-18,1151504.468734375,0.36902940689357466,
2023-12-19,1141973.152328125,0.3742521225053921,
2023-12-20,1179279.664046875,0.35380989890570114,
2023-12-21,1185136.027328125,0.35060088572915793,
2023-12-22,1188612.277328125,0.34869606331305647,
2023-12-23,1181636.574203125,0.35251842237255127,
2023-12-24,1162104.078109375,0.36322131669884794,
2023-12-25,1178223.710921875,0.35438851183136877,
2023-12-26,1148719.777328125,0.3705552875444341,
2023-12-27,1173626.011703125,0.35690783596926656,
2023-12-28,1151621.011703125,0.3689655467974038,
2023-12-29,1137352.777328125,0.3767838719108706,
2023-12-30,1138905.277328125,0.3759331745211554,
2023-12-31,1141828.976546875,0.3743311240904288,
2024-01-01,1193186.878890625,0.34618939561050843,
2024-01-02,1214534.070296875,0.3344921331260976,
2024-01-03,1157569.660140625,0.365705965671404,
2024-01-04,1193526.804671875,0.34600313218068146,
2024-01-05,1193061.582015625,0.3462580524378849,
2024-01-06,1188377.187484375,0.34882488155230074,
2024-01-07,1187132.550765625,0.34950688426262877,
2024-01-08,1268872.519515625,0.3047172043585854,
2024-01-09,1246441.636703125,0.31700827904947193,
2024-01-10,1259618.902328125,0.30978775378649526,
2024-01-11,1252620.734359375,0.3136224225296863,
2024-01-12,1157704.449203125,0.36563210756922626,
2024-01-13,1157413.249984375,0.36579167112174016,
2024-01-14,1129168.191390625,0.3812686422122754,
2024-01-15,1148492.070296875,0.37068006034772183,
2024-01-16,1165852.437484375,0.3611673910717774,
2024-01-17,1154720.527328125,0.36726715719896963,
2024-01-18,1114744.496078125,0.3891721526485983,
2024-01-19,1124365.882796875,0.38390008271811127,
2024-01-20,1125639.734359375,0.3832020716397837,
2024-01-21,1122405.113265625,0.3849744927162223,
2024-01-22,1067367.828109375,0.41513235089299094,
2024-01-23,1076498.785140625,0.41012901349390163,
2024-01-24,1082749.917953125,0.4067036850775687,
2024-01-25,1078881.746078125,0.4088232623510195,
2024-01-26,1129724.433578125,0.3809638475089223,
2024-01-27,1137910.390609375,0.3764783259122684,
2024-01-28,1135629.945296875,0.3777279032872971,
2024-01-29,1169451.558578125,0.35919524104297085,
2024-01-30,1160389.367171875,0.36416089809572216,
2024-01-31,1150399.261703125,0.36963500865626664,
2024-02-01,1163714.796859375,0.36233871815701835,
2024-02-02,1166687.117171875,0.3607100256409209,
2024-02-03,1161459.664046875,0.36357442546591034,
2024-02-04,1150425.628890625,0.3696205606707076,
2024-02-05,1152452.949203125,0.36850968395704553,
2024-02-06,1163955.054671875,0.3622070681126046,
2024-02-07,1164099.441390625,0.36212795094368333,821 days
